[23May2025 18:07:37.492] [main/INFO] [cpw.mods.modlauncher.Launcher/MODLAUNCHER]: ModLauncher running: args [--launchTarget, forge_userdev_data, --assetIndex, 24, --assetsDir, C:\Users\uzowu\.gradle\caches\forge_gradle\assets, --gameDir, ., --mod, everythingjapanese, --all, --output, C:\Users\uzowu\IdeaProjects\EverythingJapaneseForge\src\generated\resources, --existing, C:\Users\uzowu\IdeaProjects\EverythingJapaneseForge\src\main\resources, -mixin.config=everythingjapanese.mixins.json]
[23May2025 18:07:37.497] [main/INFO] [cpw.mods.modlauncher.Launcher/MODLAUNCHER]: JVM identified as Amazon.com Inc. OpenJDK 64-Bit Server VM 21.0.7+6-LTS
[23May2025 18:07:37.497] [main/INFO] [cpw.mods.modlauncher.Launcher/MODLAUNCHER]: ModLauncher 10.2.4 starting: java version 21.0.7 by Amazon.com Inc.; OS Windows 10 arch amd64 version 10.0
[23May2025 18:07:37.567] [main/DEBUG] [cpw.mods.modlauncher.LaunchServiceHandler/MODLAUNCHER]: Found launch services [minecraft,forge_userdev_server_gametest,forge_dev_client,forge_userdev_data,forge_dev_server_gametest,forge_dev_client_data,forge_userdev_server,forge_client,forge_server,forge_userdev_client_data,forge_userdev_client,forge_dev_data,forge_dev,testharness,forge_userdev,forge_dev_server]
[23May2025 18:07:37.597] [main/DEBUG] [cpw.mods.modlauncher.NameMappingServiceHandler/MODLAUNCHER]: Found naming services : [srgtomcp]
[23May2025 18:07:37.656] [main/DEBUG] [cpw.mods.modlauncher.LaunchPluginHandler/MODLAUNCHER]: Found launch plugins: [mixin,eventbus,slf4jfixer,object_holder_definalize,runtime_enum_extender,capability_token_subclass,accesstransformer,runtimedistcleaner]
[23May2025 18:07:37.682] [main/DEBUG] [cpw.mods.modlauncher.TransformationServicesHandler/MODLAUNCHER]: Discovering transformation services
[23May2025 18:07:37.687] [main/DEBUG] [net.minecraftforge.fml.loading.FMLPaths/CORE]: Path GAMEDIR is C:\Users\uzowu\IdeaProjects\EverythingJapaneseForge\run-data
[23May2025 18:07:37.687] [main/DEBUG] [net.minecraftforge.fml.loading.FMLPaths/CORE]: Path MODSDIR is C:\Users\uzowu\IdeaProjects\EverythingJapaneseForge\run-data\mods
[23May2025 18:07:37.687] [main/DEBUG] [net.minecraftforge.fml.loading.FMLPaths/CORE]: Path CONFIGDIR is C:\Users\uzowu\IdeaProjects\EverythingJapaneseForge\run-data\config
[23May2025 18:07:37.687] [main/DEBUG] [net.minecraftforge.fml.loading.FMLPaths/CORE]: Path FMLCONFIG is C:\Users\uzowu\IdeaProjects\EverythingJapaneseForge\run-data\config\fml.toml
[23May2025 18:07:37.807] [main/INFO] [net.minecraftforge.fml.loading.ImmediateWindowHandler/]: ImmediateWindowProvider not loading because launch target is forge_userdev_data
[23May2025 18:07:37.937] [main/DEBUG] [cpw.mods.modlauncher.TransformationServicesHandler/MODLAUNCHER]: Found transformer service: fml: /
[23May2025 18:07:37.942] [main/DEBUG] [cpw.mods.modlauncher.TransformationServicesHandler/MODLAUNCHER]: Found transformer service: mixin: /
[23May2025 18:07:37.947] [main/DEBUG] [cpw.mods.modlauncher.TransformationServicesHandler/MODLAUNCHER]: Transformation services loading
[23May2025 18:07:37.947] [main/DEBUG] [cpw.mods.modlauncher.TransformationServiceDecorator/MODLAUNCHER]: Loading service mixin
[23May2025 18:07:37.947] [main/DEBUG] [cpw.mods.modlauncher.TransformationServiceDecorator/MODLAUNCHER]: Loaded service mixin
[23May2025 18:07:37.952] [main/DEBUG] [cpw.mods.modlauncher.TransformationServiceDecorator/MODLAUNCHER]: Loading service fml
[23May2025 18:07:37.977] [main/DEBUG] [net.minecraftforge.fml.loading.FMLLoader/CORE]: Detected version data : VersionInfo[forgeVersion=55.0.16, mcVersion=1.21.5, mcpVersion=20250325.155543, forgeGroup=net.minecraftforge]
[23May2025 18:07:37.977] [main/DEBUG] [net.minecraftforge.fml.loading.LauncherVersion/CORE]: Found FMLLauncher version 55.0.16
[23May2025 18:07:37.977] [main/DEBUG] [net.minecraftforge.fml.loading.FMLLoader/CORE]: FML 55.0.16 loading
[23May2025 18:07:37.977] [main/DEBUG] [net.minecraftforge.fml.loading.FMLLoader/CORE]: Found ModLauncher version: 10.2.4
[23May2025 18:07:37.977] [main/DEBUG] [net.minecraftforge.fml.loading.FMLLoader/CORE]: Found AccessTransformer version: 8.2.2
[23May2025 18:07:37.986] [main/DEBUG] [net.minecraftforge.fml.loading.FMLLoader/CORE]: Found EventBus version: 6.2.27
[23May2025 18:07:37.986] [main/DEBUG] [net.minecraftforge.fml.loading.FMLLoader/CORE]: Found RuntimeDistCleaner version: 55.0.16
[23May2025 18:07:37.986] [main/DEBUG] [net.minecraftforge.fml.loading.FMLLoader/CORE]: FML found CoreMod version : 5.2.6
[23May2025 18:07:37.986] [main/DEBUG] [net.minecraftforge.fml.loading.FMLLoader/CORE]: Found ForgeSPI version: 7.1.5
[23May2025 18:07:37.994] [main/DEBUG] [cpw.mods.modlauncher.TransformationServiceDecorator/MODLAUNCHER]: Loaded service fml
[23May2025 18:07:37.994] [main/DEBUG] [cpw.mods.modlauncher.TransformationServicesHandler/MODLAUNCHER]: Configuring option handling for services
[23May2025 18:07:38.006] [main/DEBUG] [cpw.mods.modlauncher.TransformationServicesHandler/MODLAUNCHER]: Transformation services initializing
[23May2025 18:07:38.006] [main/DEBUG] [cpw.mods.modlauncher.TransformationServiceDecorator/MODLAUNCHER]: Initializing transformation service mixin
[23May2025 18:07:38.097] [main/DEBUG] [mixin/]: MixinService [ModLauncher] was successfully booted in SecureModuleClassLoader[SECURE-BOOTSTRAP]@1100767002
[23May2025 18:07:38.137] [main/INFO] [mixin/]: SpongePowered MIXIN Subsystem Version=0.8.7 Source=jar:file:///C:/Users/uzowu/.gradle/caches/modules-2/files-2.1/org.spongepowered/mixin/0.8.7/8ab114ac385e6dbdad5efafe28aba4df8120915f/mixin-0.8.7.jar!/ Service=ModLauncher Env=UNKNOWN
[23May2025 18:07:38.142] [main/DEBUG] [mixin/]: Initialising Mixin Platform Manager
[23May2025 18:07:38.147] [main/DEBUG] [mixin/]: Adding mixin platform agents for container ModLauncher Root Container(ModLauncher:4f56a0a2)
[23May2025 18:07:38.147] [main/DEBUG] [mixin/]: Instancing new MixinPlatformAgentMinecraftForge for ModLauncher Root Container(ModLauncher:4f56a0a2)
[23May2025 18:07:38.151] [main/DEBUG] [mixin/]: MixinPlatformAgentMinecraftForge rejected container ModLauncher Root Container(ModLauncher:4f56a0a2)
[23May2025 18:07:38.151] [main/DEBUG] [mixin/]: Instancing new MixinPlatformAgentDefault for ModLauncher Root Container(ModLauncher:4f56a0a2)
[23May2025 18:07:38.151] [main/DEBUG] [mixin/]: MixinPlatformAgentDefault accepted container ModLauncher Root Container(ModLauncher:4f56a0a2)
[23May2025 18:07:38.157] [main/DEBUG] [cpw.mods.modlauncher.TransformationServiceDecorator/MODLAUNCHER]: Initialized transformation service mixin
[23May2025 18:07:38.157] [main/DEBUG] [cpw.mods.modlauncher.TransformationServiceDecorator/MODLAUNCHER]: Initializing transformation service fml
[23May2025 18:07:38.157] [main/DEBUG] [net.minecraftforge.fml.loading.FMLServiceProvider/CORE]: Setting up basic FML game directories
[23May2025 18:07:38.157] [main/DEBUG] [net.minecraftforge.fml.loading.FMLPaths/CORE]: Path GAMEDIR is C:\Users\uzowu\IdeaProjects\EverythingJapaneseForge\run-data
[23May2025 18:07:38.167] [main/DEBUG] [net.minecraftforge.fml.loading.FMLPaths/CORE]: Path MODSDIR is C:\Users\uzowu\IdeaProjects\EverythingJapaneseForge\run-data\mods
[23May2025 18:07:38.167] [main/DEBUG] [net.minecraftforge.fml.loading.FMLPaths/CORE]: Path CONFIGDIR is C:\Users\uzowu\IdeaProjects\EverythingJapaneseForge\run-data\config
[23May2025 18:07:38.167] [main/DEBUG] [net.minecraftforge.fml.loading.FMLPaths/CORE]: Path FMLCONFIG is C:\Users\uzowu\IdeaProjects\EverythingJapaneseForge\run-data\config\fml.toml
[23May2025 18:07:38.167] [main/DEBUG] [net.minecraftforge.fml.loading.FMLServiceProvider/CORE]: Loading configuration
[23May2025 18:07:38.182] [main/DEBUG] [net.minecraftforge.fml.loading.FMLServiceProvider/CORE]: Preparing ModFile
[23May2025 18:07:38.188] [main/DEBUG] [net.minecraftforge.fml.loading.FMLServiceProvider/CORE]: Preparing launch handler
[23May2025 18:07:38.198] [main/DEBUG] [net.minecraftforge.fml.loading.FMLLoader/CORE]: Using forge_userdev_data as launch service
[23May2025 18:07:38.227] [main/DEBUG] [cpw.mods.modlauncher.TransformationServiceDecorator/MODLAUNCHER]: Initialized transformation service fml
[23May2025 18:07:38.227] [main/DEBUG] [cpw.mods.modlauncher.NameMappingServiceHandler/MODLAUNCHER]: Current naming domain is 'mcp'
[23May2025 18:07:38.230] [main/DEBUG] [cpw.mods.modlauncher.NameMappingServiceHandler/MODLAUNCHER]: Identified name mapping providers {srg=net.minecraftforge.fml.loading.MCPNamingService@410e94e}
[23May2025 18:07:38.230] [main/DEBUG] [cpw.mods.modlauncher.TransformationServicesHandler/MODLAUNCHER]: Transformation services begin scanning
[23May2025 18:07:38.230] [main/DEBUG] [cpw.mods.modlauncher.TransformationServiceDecorator/MODLAUNCHER]: Beginning scan trigger - transformation service mixin
[23May2025 18:07:38.240] [main/DEBUG] [cpw.mods.modlauncher.TransformationServiceDecorator/MODLAUNCHER]: End scan trigger - transformation service mixin
[23May2025 18:07:38.240] [main/DEBUG] [cpw.mods.modlauncher.TransformationServiceDecorator/MODLAUNCHER]: Beginning scan trigger - transformation service fml
[23May2025 18:07:38.240] [main/DEBUG] [net.minecraftforge.fml.loading.FMLServiceProvider/CORE]: Initiating mod scan
[23May2025 18:07:38.268] [main/DEBUG] [net.minecraftforge.fml.loading.moddiscovery.ModDiscoverer/CORE]: Found Mod Locators : (mods folder:null),(minecraft:null),(classpath:null),(forge_dev_locator:null),(forge_userdev_locator:null)
[23May2025 18:07:38.268] [main/DEBUG] [net.minecraftforge.fml.loading.moddiscovery.ModDiscoverer/CORE]: Found Dependency Locators : (JarInJar:null)
[23May2025 18:07:40.227] [main/DEBUG] [net.minecraftforge.fml.loading.moddiscovery.ModFileInfo/LOADING]: Found valid mod file  with {minecraft} mods - versions {1.21.5}
[23May2025 18:07:45.430] [main/DEBUG] [net.minecraftforge.fml.loading.moddiscovery.ModFileParser/LOADING]: Considering mod file candidate C:\Users\uzowu\IdeaProjects\EverythingJapaneseForge\build\sourcesSets\main
[23May2025 18:07:45.475] [main/DEBUG] [net.minecraftforge.fml.loading.moddiscovery.ModFileInfo/LOADING]: Found valid mod file main with {everythingjapanese} mods - versions {1.1.1-1.21.5}
[23May2025 18:07:45.890] [main/DEBUG] [net.minecraftforge.fml.loading.moddiscovery.ModFileParser/LOADING]: Considering mod file candidate /
[23May2025 18:07:45.896] [main/DEBUG] [net.minecraftforge.fml.loading.moddiscovery.ModFileInfo/LOADING]: Found valid mod file  with {forge} mods - versions {55.0.16}
[23May2025 18:07:45.915] [main/DEBUG] [net.minecraftforge.fml.loading.moddiscovery.JarInJarDependencyLocator/]: Failed to load resource META-INF\jarjar\metadata.json from , it does not contain dependency information.
[23May2025 18:07:45.915] [main/DEBUG] [net.minecraftforge.fml.loading.moddiscovery.JarInJarDependencyLocator/]: Failed to load resource META-INF\jarjar\metadata.json from main, it does not contain dependency information.
[23May2025 18:07:45.915] [main/DEBUG] [net.minecraftforge.fml.loading.moddiscovery.JarInJarDependencyLocator/]: Failed to load resource META-INF\jarjar\metadata.json from , it does not contain dependency information.
[23May2025 18:07:45.915] [main/DEBUG] [net.minecraftforge.fml.loading.moddiscovery.JarInJarDependencyLocator/]: Failed to load resource META-INF\jarjar\metadata.json from javafmllanguage-1.21.5-55.0.16.jar, it does not contain dependency information.
[23May2025 18:07:45.915] [main/DEBUG] [net.minecraftforge.fml.loading.moddiscovery.JarInJarDependencyLocator/]: Failed to load resource META-INF\jarjar\metadata.json from lowcodelanguage-1.21.5-55.0.16.jar, it does not contain dependency information.
[23May2025 18:07:45.915] [main/DEBUG] [net.minecraftforge.fml.loading.moddiscovery.JarInJarDependencyLocator/]: Failed to load resource META-INF\jarjar\metadata.json from mclanguage-1.21.5-55.0.16.jar, it does not contain dependency information.
[23May2025 18:07:45.923] [main/DEBUG] [net.minecraftforge.fml.loading.moddiscovery.JarInJarDependencyLocator/]: Failed to load resource META-INF\jarjar\metadata.json from fmlcore-1.21.5-55.0.16.jar, it does not contain dependency information.
[23May2025 18:07:46.059] [main/INFO] [net.minecraftforge.fml.loading.moddiscovery.JarInJarDependencyLocator/]: No dependencies to load found. Skipping!
[23May2025 18:07:46.064] [main/DEBUG] [net.minecraftforge.fml.loading.moddiscovery.ModFileInfo/LOADING]: Found valid mod file  with {minecraft} mods - versions {1.21.5}
[23May2025 18:07:46.074] [main/DEBUG] [net.minecraftforge.fml.loading.moddiscovery.ModFile/LOADING]: Loading mod file / with languages [LanguageSpec[languageName=minecraft, acceptedVersions=1]]
[23May2025 18:07:46.074] [main/DEBUG] [net.minecraftforge.fml.loading.moddiscovery.ModFileParser/LOADING]: Considering mod file candidate C:\Users\uzowu\IdeaProjects\EverythingJapaneseForge\build\sourcesSets\main
[23May2025 18:07:46.085] [main/DEBUG] [net.minecraftforge.fml.loading.moddiscovery.ModFileInfo/LOADING]: Found valid mod file main with {everythingjapanese} mods - versions {1.1.1-1.21.5}
[23May2025 18:07:46.085] [main/DEBUG] [net.minecraftforge.fml.loading.moddiscovery.ModFile/LOADING]: Loading mod file C:\Users\uzowu\IdeaProjects\EverythingJapaneseForge\build\sourcesSets\main with languages [LanguageSpec[languageName=javafml, acceptedVersions=[0,)]]
[23May2025 18:07:46.085] [main/DEBUG] [net.minecraftforge.fml.loading.moddiscovery.ModFileParser/LOADING]: Considering mod file candidate /
[23May2025 18:07:46.090] [main/DEBUG] [net.minecraftforge.fml.loading.moddiscovery.ModFileInfo/LOADING]: Found valid mod file  with {forge} mods - versions {55.0.16}
[23May2025 18:07:46.094] [main/DEBUG] [net.minecraftforge.fml.loading.moddiscovery.ModFile/LOADING]: Loading mod file / with languages [LanguageSpec[languageName=javafml, acceptedVersions=[24,]]]
[23May2025 18:07:46.110] [main/DEBUG] [net.minecraftforge.fml.loading.moddiscovery.ModFileParser/LOADING]: Found coremod field_to_method with Javascript path coremods/field_to_method.js
[23May2025 18:07:46.110] [main/DEBUG] [net.minecraftforge.fml.loading.moddiscovery.ModFileParser/LOADING]: Found coremod method_redirector with Javascript path coremods/method_redirector.js
[23May2025 18:07:46.110] [main/DEBUG] [net.minecraftforge.fml.loading.moddiscovery.ModFile/LOADING]: Found coremod /coremods/field_to_method.js
[23May2025 18:07:46.110] [main/DEBUG] [net.minecraftforge.fml.loading.moddiscovery.ModFile/LOADING]: Found coremod /coremods/method_redirector.js
[23May2025 18:07:46.115] [main/DEBUG] [cpw.mods.modlauncher.TransformationServiceDecorator/MODLAUNCHER]: End scan trigger - transformation service fml
[23May2025 18:07:46.175] [main/DEBUG] [net.minecraftforge.fml.loading.LanguageLoadingProvider/CORE]: Found 3 language providers
[23May2025 18:07:46.175] [main/DEBUG] [net.minecraftforge.fml.loading.LanguageLoadingProvider/CORE]: Found language provider lowcodefml, version 55
[23May2025 18:07:46.175] [main/DEBUG] [net.minecraftforge.fml.loading.LanguageLoadingProvider/CORE]: Found language provider minecraft, version 1.0
[23May2025 18:07:46.175] [main/DEBUG] [net.minecraftforge.fml.loading.LanguageLoadingProvider/CORE]: Found language provider javafml, version 55.0.16
[23May2025 18:07:46.184] [main/DEBUG] [net.minecraftforge.fml.loading.ModSorter/]: Configured system mods: [minecraft, forge]
[23May2025 18:07:46.184] [main/DEBUG] [net.minecraftforge.fml.loading.ModSorter/]: Found system mod: minecraft
[23May2025 18:07:46.184] [main/DEBUG] [net.minecraftforge.fml.loading.ModSorter/]: Found system mod: forge
[23May2025 18:07:46.285] [main/DEBUG] [net.minecraftforge.fml.loading.ModSorter/LOADING]: Found 2 mod requirements (2 mandatory, 0 optional)
[23May2025 18:07:46.285] [main/DEBUG] [net.minecraftforge.fml.loading.ModSorter/LOADING]: Found 0 mod requirements missing (0 mandatory, 0 optional)
[23May2025 18:07:47.154] [main/DEBUG] [net.minecraftforge.fml.loading.MCPNamingService/CORE]: Loaded 43634 method mappings from methods.csv
[23May2025 18:07:47.245] [main/DEBUG] [net.minecraftforge.fml.loading.MCPNamingService/CORE]: Loaded 38976 field mappings from fields.csv
[23May2025 18:07:47.325] [main/DEBUG] [cpw.mods.modlauncher.TransformationServicesHandler/MODLAUNCHER]: Transformation services loading transformers
[23May2025 18:07:47.325] [main/DEBUG] [cpw.mods.modlauncher.TransformationServiceDecorator/MODLAUNCHER]: Initializing transformers for transformation service mixin
[23May2025 18:07:47.325] [main/DEBUG] [cpw.mods.modlauncher.TransformationServiceDecorator/MODLAUNCHER]: Initialized transformers for transformation service mixin
[23May2025 18:07:47.325] [main/DEBUG] [cpw.mods.modlauncher.TransformationServiceDecorator/MODLAUNCHER]: Initializing transformers for transformation service fml
[23May2025 18:07:47.325] [main/DEBUG] [net.minecraftforge.fml.loading.FMLServiceProvider/CORE]: Loading coremod transformers
[23May2025 18:07:47.325] [main/DEBUG] [net.minecraftforge.coremod.CoreModEngine/COREMOD]: Loading CoreMod from /coremods/field_to_method.js
[23May2025 18:07:47.679] [main/DEBUG] [net.minecraftforge.coremod.CoreModEngine/COREMOD]: CoreMod loaded successfully
[23May2025 18:07:47.679] [main/DEBUG] [net.minecraftforge.coremod.CoreModEngine/COREMOD]: Loading CoreMod from /coremods/method_redirector.js
[23May2025 18:07:47.897] [main/DEBUG] [net.minecraftforge.coremod.CoreMod.forge/COREMODLOG]: Gathering Forge method redirector replacements
[23May2025 18:07:47.970] [main/DEBUG] [net.minecraftforge.coremod.CoreModEngine/COREMOD]: CoreMod loaded successfully
[23May2025 18:07:48.015] [main/DEBUG] [cpw.mods.modlauncher.TransformStore/MODLAUNCHER]: Adding transformer net.minecraftforge.coremod.transformer.CoreModClassTransformer@11f9535b to Target : CLASS {Lnet/minecraft/world/level/biome/Biome;} {} {V}
[23May2025 18:07:48.015] [main/DEBUG] [cpw.mods.modlauncher.TransformStore/MODLAUNCHER]: Adding transformer net.minecraftforge.coremod.transformer.CoreModClassTransformer@76b47204 to Target : CLASS {Lnet/minecraft/world/effect/MobEffectInstance;} {} {V}
[23May2025 18:07:48.015] [main/DEBUG] [cpw.mods.modlauncher.TransformStore/MODLAUNCHER]: Adding transformer net.minecraftforge.coremod.transformer.CoreModClassTransformer@4d6ccc97 to Target : CLASS {Lnet/minecraft/world/level/block/LiquidBlock;} {} {V}
[23May2025 18:07:48.025] [main/DEBUG] [cpw.mods.modlauncher.TransformStore/MODLAUNCHER]: Adding transformer net.minecraftforge.coremod.transformer.CoreModClassTransformer@6a12c7a8 to Target : CLASS {Lnet/minecraft/world/item/BucketItem;} {} {V}
[23May2025 18:07:48.030] [main/DEBUG] [cpw.mods.modlauncher.TransformStore/MODLAUNCHER]: Adding transformer net.minecraftforge.coremod.transformer.CoreModClassTransformer@161aa04a to Target : CLASS {Lnet/minecraft/world/level/block/FlowerPotBlock;} {} {V}
[23May2025 18:07:48.030] [main/DEBUG] [cpw.mods.modlauncher.TransformStore/MODLAUNCHER]: Adding transformer net.minecraftforge.coremod.transformer.CoreModClassTransformer@436bd4df to Target : CLASS {Lnet/minecraft/world/level/levelgen/structure/structures/WoodlandMansionPieces$WoodlandMansionPiece;} {} {V}
[23May2025 18:07:48.030] [main/DEBUG] [cpw.mods.modlauncher.TransformStore/MODLAUNCHER]: Adding transformer net.minecraftforge.coremod.transformer.CoreModClassTransformer@436bd4df to Target : CLASS {Lnet/minecraft/world/entity/npc/CatSpawner;} {} {V}
[23May2025 18:07:48.030] [main/DEBUG] [cpw.mods.modlauncher.TransformStore/MODLAUNCHER]: Adding transformer net.minecraftforge.coremod.transformer.CoreModClassTransformer@436bd4df to Target : CLASS {Lnet/minecraft/world/level/levelgen/PhantomSpawner;} {} {V}
[23May2025 18:07:48.030] [main/DEBUG] [cpw.mods.modlauncher.TransformStore/MODLAUNCHER]: Adding transformer net.minecraftforge.coremod.transformer.CoreModClassTransformer@436bd4df to Target : CLASS {Lnet/minecraft/server/commands/SummonCommand;} {} {V}
[23May2025 18:07:48.035] [main/DEBUG] [cpw.mods.modlauncher.TransformStore/MODLAUNCHER]: Adding transformer net.minecraftforge.coremod.transformer.CoreModClassTransformer@436bd4df to Target : CLASS {Lnet/minecraft/world/entity/EntityType;} {} {V}
[23May2025 18:07:48.035] [main/DEBUG] [cpw.mods.modlauncher.TransformStore/MODLAUNCHER]: Adding transformer net.minecraftforge.coremod.transformer.CoreModClassTransformer@436bd4df to Target : CLASS {Lnet/minecraft/world/entity/npc/Villager;} {} {V}
[23May2025 18:07:48.035] [main/DEBUG] [cpw.mods.modlauncher.TransformStore/MODLAUNCHER]: Adding transformer net.minecraftforge.coremod.transformer.CoreModClassTransformer@436bd4df to Target : CLASS {Lnet/minecraft/world/level/levelgen/structure/structures/OceanRuinPieces$OceanRuinPiece;} {} {V}
[23May2025 18:07:48.035] [main/DEBUG] [cpw.mods.modlauncher.TransformStore/MODLAUNCHER]: Adding transformer net.minecraftforge.coremod.transformer.CoreModClassTransformer@436bd4df to Target : CLASS {Lnet/minecraft/world/level/block/entity/trialspawner/TrialSpawner;} {} {V}
[23May2025 18:07:48.035] [main/DEBUG] [cpw.mods.modlauncher.TransformStore/MODLAUNCHER]: Adding transformer net.minecraftforge.coremod.transformer.CoreModClassTransformer@436bd4df to Target : CLASS {Lnet/minecraft/world/entity/monster/Strider;} {} {V}
[23May2025 18:07:48.035] [main/DEBUG] [cpw.mods.modlauncher.TransformStore/MODLAUNCHER]: Adding transformer net.minecraftforge.coremod.transformer.CoreModClassTransformer@436bd4df to Target : CLASS {Lnet/minecraft/world/entity/ai/village/VillageSiege;} {} {V}
[23May2025 18:07:48.040] [main/DEBUG] [cpw.mods.modlauncher.TransformStore/MODLAUNCHER]: Adding transformer net.minecraftforge.coremod.transformer.CoreModClassTransformer@436bd4df to Target : CLASS {Lnet/minecraft/world/level/levelgen/structure/templatesystem/StructureTemplate;} {} {V}
[23May2025 18:07:48.040] [main/DEBUG] [cpw.mods.modlauncher.TransformStore/MODLAUNCHER]: Adding transformer net.minecraftforge.coremod.transformer.CoreModClassTransformer@436bd4df to Target : CLASS {Lnet/minecraft/world/level/levelgen/PatrolSpawner;} {} {V}
[23May2025 18:07:48.040] [main/DEBUG] [cpw.mods.modlauncher.TransformStore/MODLAUNCHER]: Adding transformer net.minecraftforge.coremod.transformer.CoreModClassTransformer@436bd4df to Target : CLASS {Lnet/minecraft/world/entity/monster/Evoker$EvokerSummonSpellGoal;} {} {V}
[23May2025 18:07:48.040] [main/DEBUG] [cpw.mods.modlauncher.TransformStore/MODLAUNCHER]: Adding transformer net.minecraftforge.coremod.transformer.CoreModClassTransformer@436bd4df to Target : CLASS {Lnet/minecraft/world/level/levelgen/structure/structures/OceanMonumentPieces$OceanMonumentPiece;} {} {V}
[23May2025 18:07:48.040] [main/DEBUG] [cpw.mods.modlauncher.TransformStore/MODLAUNCHER]: Adding transformer net.minecraftforge.coremod.transformer.CoreModClassTransformer@436bd4df to Target : CLASS {Lnet/minecraft/world/level/levelgen/structure/structures/SwampHutPiece;} {} {V}
[23May2025 18:07:48.040] [main/DEBUG] [cpw.mods.modlauncher.TransformStore/MODLAUNCHER]: Adding transformer net.minecraftforge.coremod.transformer.CoreModClassTransformer@436bd4df to Target : CLASS {Lnet/minecraft/server/commands/RaidCommand;} {} {V}
[23May2025 18:07:48.040] [main/DEBUG] [cpw.mods.modlauncher.TransformStore/MODLAUNCHER]: Adding transformer net.minecraftforge.coremod.transformer.CoreModClassTransformer@436bd4df to Target : CLASS {Lnet/minecraft/world/entity/animal/horse/SkeletonTrapGoal;} {} {V}
[23May2025 18:07:48.040] [main/DEBUG] [cpw.mods.modlauncher.TransformStore/MODLAUNCHER]: Adding transformer net.minecraftforge.coremod.transformer.CoreModClassTransformer@436bd4df to Target : CLASS {Lnet/minecraft/world/entity/animal/frog/Tadpole;} {} {V}
[23May2025 18:07:48.040] [main/DEBUG] [cpw.mods.modlauncher.TransformStore/MODLAUNCHER]: Adding transformer net.minecraftforge.coremod.transformer.CoreModClassTransformer@436bd4df to Target : CLASS {Lnet/minecraft/world/entity/monster/Zombie;} {} {V}
[23May2025 18:07:48.040] [main/DEBUG] [cpw.mods.modlauncher.TransformStore/MODLAUNCHER]: Adding transformer net.minecraftforge.coremod.transformer.CoreModClassTransformer@436bd4df to Target : CLASS {Lnet/minecraft/world/entity/raid/Raid;} {} {V}
[23May2025 18:07:48.040] [main/DEBUG] [cpw.mods.modlauncher.TransformStore/MODLAUNCHER]: Adding transformer net.minecraftforge.coremod.transformer.CoreModClassTransformer@436bd4df to Target : CLASS {Lnet/minecraft/world/level/NaturalSpawner;} {} {V}
[23May2025 18:07:48.045] [main/DEBUG] [cpw.mods.modlauncher.TransformStore/MODLAUNCHER]: Adding transformer net.minecraftforge.coremod.transformer.CoreModClassTransformer@436bd4df to Target : CLASS {Lnet/minecraft/world/entity/monster/ZombieVillager;} {} {V}
[23May2025 18:07:48.045] [main/DEBUG] [cpw.mods.modlauncher.TransformStore/MODLAUNCHER]: Adding transformer net.minecraftforge.coremod.transformer.CoreModClassTransformer@436bd4df to Target : CLASS {Lnet/minecraft/world/entity/monster/Spider;} {} {V}
[23May2025 18:07:48.045] [main/DEBUG] [cpw.mods.modlauncher.TransformationServiceDecorator/MODLAUNCHER]: Initialized transformers for transformation service fml
[23May2025 18:07:48.245] [main/DEBUG] [mixin/]: Processing prepare() for PlatformAgent[MixinPlatformAgentDefault:ModLauncher Root Container(ModLauncher:4f56a0a2)]
[23May2025 18:07:48.245] [main/DEBUG] [mixin/]: Registering mixin config: everythingjapanese.mixins.json source=null
[23May2025 18:07:48.285] [main/DEBUG] [mixin/]: Compatibility level JAVA_21 specified by everythingjapanese.mixins.json is higher than the maximum level supported by this version of mixin (JAVA_13).
[23May2025 18:07:48.305] [main/INFO] [mixin/]: Compatibility level set to JAVA_21
[23May2025 18:07:48.314] [main/DEBUG] [mixin/]: Processing launch tasks for PlatformAgent[MixinPlatformAgentDefault:ModLauncher Root Container(ModLauncher:4f56a0a2)]
[23May2025 18:07:48.314] [main/DEBUG] [mixin/]: Adding mixin platform agents for container SecureJarResource(mixin.synthetic)
[23May2025 18:07:48.314] [main/DEBUG] [mixin/]: Instancing new MixinPlatformAgentMinecraftForge for SecureJarResource(mixin.synthetic)
[23May2025 18:07:48.319] [main/DEBUG] [mixin/]: MixinPlatformAgentMinecraftForge rejected container SecureJarResource(mixin.synthetic)
[23May2025 18:07:48.319] [main/DEBUG] [mixin/]: Instancing new MixinPlatformAgentDefault for SecureJarResource(mixin.synthetic)
[23May2025 18:07:48.325] [main/DEBUG] [mixin/]: MixinPlatformAgentDefault accepted container SecureJarResource(mixin.synthetic)
[23May2025 18:07:48.325] [main/DEBUG] [mixin/]: Processing prepare() for PlatformAgent[MixinPlatformAgentDefault:SecureJarResource(mixin.synthetic)]
[23May2025 18:07:48.330] [main/DEBUG] [mixin/]: Adding mixin platform agents for container SecureJarResource(minecraft)
[23May2025 18:07:48.330] [main/DEBUG] [mixin/]: Instancing new MixinPlatformAgentMinecraftForge for SecureJarResource(minecraft)
[23May2025 18:07:48.330] [main/DEBUG] [mixin/]: MixinPlatformAgentMinecraftForge rejected container SecureJarResource(minecraft)
[23May2025 18:07:48.330] [main/DEBUG] [mixin/]: Instancing new MixinPlatformAgentDefault for SecureJarResource(minecraft)
[23May2025 18:07:48.330] [main/DEBUG] [mixin/]: MixinPlatformAgentDefault accepted container SecureJarResource(minecraft)
[23May2025 18:07:48.330] [main/DEBUG] [mixin/]: Processing prepare() for PlatformAgent[MixinPlatformAgentDefault:SecureJarResource(minecraft)]
[23May2025 18:07:48.335] [main/DEBUG] [mixin/]: Adding mixin platform agents for container SecureJarResource(everythingjapanese)
[23May2025 18:07:48.335] [main/DEBUG] [mixin/]: Instancing new MixinPlatformAgentMinecraftForge for SecureJarResource(everythingjapanese)
[23May2025 18:07:48.335] [main/DEBUG] [mixin/]: MixinPlatformAgentMinecraftForge rejected container SecureJarResource(everythingjapanese)
[23May2025 18:07:48.341] [main/DEBUG] [mixin/]: Instancing new MixinPlatformAgentDefault for SecureJarResource(everythingjapanese)
[23May2025 18:07:48.341] [main/DEBUG] [mixin/]: MixinPlatformAgentDefault accepted container SecureJarResource(everythingjapanese)
[23May2025 18:07:48.341] [main/DEBUG] [mixin/]: Processing prepare() for PlatformAgent[MixinPlatformAgentDefault:SecureJarResource(everythingjapanese)]
[23May2025 18:07:48.341] [main/DEBUG] [mixin/]: Adding mixin platform agents for container SecureJarResource(net.minecraftforge.forge)
[23May2025 18:07:48.341] [main/DEBUG] [mixin/]: Instancing new MixinPlatformAgentMinecraftForge for SecureJarResource(net.minecraftforge.forge)
[23May2025 18:07:48.350] [main/DEBUG] [mixin/]: MixinPlatformAgentMinecraftForge rejected container SecureJarResource(net.minecraftforge.forge)
[23May2025 18:07:48.355] [main/DEBUG] [mixin/]: Instancing new MixinPlatformAgentDefault for SecureJarResource(net.minecraftforge.forge)
[23May2025 18:07:48.355] [main/DEBUG] [mixin/]: MixinPlatformAgentDefault accepted container SecureJarResource(net.minecraftforge.forge)
[23May2025 18:07:48.355] [main/DEBUG] [mixin/]: Processing prepare() for PlatformAgent[MixinPlatformAgentDefault:SecureJarResource(net.minecraftforge.forge)]
[23May2025 18:07:48.360] [main/DEBUG] [mixin/]: inject() running with 5 agents
[23May2025 18:07:48.361] [main/DEBUG] [mixin/]: Processing inject() for PlatformAgent[MixinPlatformAgentDefault:ModLauncher Root Container(ModLauncher:4f56a0a2)]
[23May2025 18:07:48.361] [main/DEBUG] [mixin/]: Processing inject() for PlatformAgent[MixinPlatformAgentDefault:SecureJarResource(mixin.synthetic)]
[23May2025 18:07:48.361] [main/DEBUG] [mixin/]: Processing inject() for PlatformAgent[MixinPlatformAgentDefault:SecureJarResource(minecraft)]
[23May2025 18:07:48.367] [main/DEBUG] [mixin/]: Processing inject() for PlatformAgent[MixinPlatformAgentDefault:SecureJarResource(everythingjapanese)]
[23May2025 18:07:48.367] [main/DEBUG] [mixin/]: Processing inject() for PlatformAgent[MixinPlatformAgentDefault:SecureJarResource(net.minecraftforge.forge)]
[23May2025 18:07:48.367] [main/INFO] [cpw.mods.modlauncher.LaunchServiceHandler/MODLAUNCHER]: Launching target 'forge_userdev_data' with arguments [--gameDir, ., --assetsDir, C:\Users\uzowu\.gradle\caches\forge_gradle\assets, --assetIndex, 24, --mod, everythingjapanese, --all, --output, C:\Users\uzowu\IdeaProjects\EverythingJapaneseForge\src\generated\resources, --existing, C:\Users\uzowu\IdeaProjects\EverythingJapaneseForge\src\main\resources]
[23May2025 18:07:48.440] [main/DEBUG] [mixin/]: Preparing mixins for MixinEnvironment[DEFAULT]
[23May2025 18:07:48.440] [main/DEBUG] [mixin/]: Selecting config everythingjapanese.mixins.json
[23May2025 18:07:48.446] [main/WARN] [mixin/]: Reference map 'everythingjapanese.refmap.json' for everythingjapanese.mixins.json could not be read. If this is a development environment you can ignore this message
[23May2025 18:07:48.454] [main/DEBUG] [mixin/]: Preparing everythingjapanese.mixins.json (3)
[23May2025 18:07:48.646] [main/WARN] [mixin/]: Mixin environment was unable to detect the current side, sided mixins will not be applied
[23May2025 18:07:48.686] [main/DEBUG] [mixin/]: Registering new injector for @Inject with org.spongepowered.asm.mixin.injection.struct.CallbackInjectionInfo
[23May2025 18:07:48.700] [main/DEBUG] [mixin/]: Registering new injector for @ModifyArg with org.spongepowered.asm.mixin.injection.struct.ModifyArgInjectionInfo
[23May2025 18:07:48.705] [main/DEBUG] [mixin/]: Registering new injector for @ModifyArgs with org.spongepowered.asm.mixin.injection.struct.ModifyArgsInjectionInfo
[23May2025 18:07:48.707] [main/DEBUG] [mixin/]: Registering new injector for @Redirect with org.spongepowered.asm.mixin.injection.struct.RedirectInjectionInfo
[23May2025 18:07:48.710] [main/DEBUG] [mixin/]: Registering new injector for @ModifyVariable with org.spongepowered.asm.mixin.injection.struct.ModifyVariableInjectionInfo
[23May2025 18:07:48.717] [main/DEBUG] [mixin/]: Registering new injector for @ModifyConstant with org.spongepowered.asm.mixin.injection.struct.ModifyConstantInjectionInfo
[23May2025 18:07:48.798] [main/DEBUG] [mixin/]: Prepared 3 mixins in 0.355 sec (118.3ms avg) (0ms load, 0ms transform, 0ms plugin)
[23May2025 18:07:52.445] [main/DEBUG] [io.netty.util.internal.logging.InternalLoggerFactory/]: Using SLF4J as the default logging framework
[23May2025 18:07:52.455] [main/DEBUG] [io.netty.util.ResourceLeakDetector/]: -Dio.netty.leakDetection.level: simple
[23May2025 18:07:52.455] [main/DEBUG] [io.netty.util.ResourceLeakDetector/]: -Dio.netty.leakDetection.targetRecords: 4
[23May2025 18:07:53.304] [main/DEBUG] [net.minecraftforge.coremod.transformer.CoreModBaseTransformer/COREMOD]: Transforming net/minecraft/world/entity/EntityType
[23May2025 18:07:53.524] [main/DEBUG] [net.minecraftforge.coremod.CoreMod.forge/COREMODLOG]: Redirecting method call finalizeSpawn(Lnet/minecraft/world/level/ServerLevelAccessor;Lnet/minecraft/world/DifficultyInstance;Lnet/minecraft/world/entity/EntitySpawnReason;Lnet/minecraft/world/entity/SpawnGroupData;)Lnet/minecraft/world/entity/SpawnGroupData; to onFinalizeSpawn(Lnet/minecraft/world/entity/Mob;Lnet/minecraft/world/level/ServerLevelAccessor;Lnet/minecraft/world/DifficultyInstance;Lnet/minecraft/world/entity/EntitySpawnReason;Lnet/minecraft/world/entity/SpawnGroupData;)Lnet/minecraft/world/entity/SpawnGroupData; inside of net/minecraft/world/entity/EntityType.create
[23May2025 18:07:54.695] [main/DEBUG] [net.minecraftforge.coremod.transformer.CoreModBaseTransformer/COREMOD]: Transforming net/minecraft/world/level/block/LiquidBlock
[23May2025 18:07:54.775] [main/DEBUG] [net.minecraftforge.coremod.transformer.CoreModBaseTransformer/COREMOD]: Transforming net/minecraft/world/level/block/FlowerPotBlock
[23May2025 18:07:55.904] [main/DEBUG] [net.minecraftforge.coremod.transformer.CoreModBaseTransformer/COREMOD]: Transforming net/minecraft/world/effect/MobEffectInstance
[23May2025 18:07:57.095] [main/DEBUG] [net.minecraftforge.coremod.transformer.CoreModBaseTransformer/COREMOD]: Transforming net/minecraft/world/level/biome/Biome
[23May2025 18:07:59.083] [main/DEBUG] [net.minecraftforge.coremod.transformer.CoreModBaseTransformer/COREMOD]: Transforming net/minecraft/world/entity/animal/frog/Tadpole
[23May2025 18:07:59.083] [main/DEBUG] [net.minecraftforge.coremod.CoreMod.forge/COREMODLOG]: Redirecting method call finalizeSpawn(Lnet/minecraft/world/level/ServerLevelAccessor;Lnet/minecraft/world/DifficultyInstance;Lnet/minecraft/world/entity/EntitySpawnReason;Lnet/minecraft/world/entity/SpawnGroupData;)Lnet/minecraft/world/entity/SpawnGroupData; to onFinalizeSpawn(Lnet/minecraft/world/entity/Mob;Lnet/minecraft/world/level/ServerLevelAccessor;Lnet/minecraft/world/DifficultyInstance;Lnet/minecraft/world/entity/EntitySpawnReason;Lnet/minecraft/world/entity/SpawnGroupData;)Lnet/minecraft/world/entity/SpawnGroupData; inside of net/minecraft/world/entity/animal/frog/Tadpole.lambda$ageUp$1
[23May2025 18:07:59.255] [main/DEBUG] [net.minecraftforge.coremod.transformer.CoreModBaseTransformer/COREMOD]: Transforming net/minecraft/world/item/BucketItem
[23May2025 18:08:02.066] [main/DEBUG] [net.minecraftforge.coremod.transformer.CoreModBaseTransformer/COREMOD]: Transforming net/minecraft/world/entity/monster/Spider
[23May2025 18:08:02.079] [main/DEBUG] [net.minecraftforge.coremod.CoreMod.forge/COREMODLOG]: Redirecting method call finalizeSpawn(Lnet/minecraft/world/level/ServerLevelAccessor;Lnet/minecraft/world/DifficultyInstance;Lnet/minecraft/world/entity/EntitySpawnReason;Lnet/minecraft/world/entity/SpawnGroupData;)Lnet/minecraft/world/entity/SpawnGroupData; to onFinalizeSpawn(Lnet/minecraft/world/entity/Mob;Lnet/minecraft/world/level/ServerLevelAccessor;Lnet/minecraft/world/DifficultyInstance;Lnet/minecraft/world/entity/EntitySpawnReason;Lnet/minecraft/world/entity/SpawnGroupData;)Lnet/minecraft/world/entity/SpawnGroupData; inside of net/minecraft/world/entity/monster/Spider.finalizeSpawn
[23May2025 18:08:02.175] [main/DEBUG] [net.minecraftforge.coremod.transformer.CoreModBaseTransformer/COREMOD]: Transforming net/minecraft/world/entity/monster/Zombie
[23May2025 18:08:02.192] [main/DEBUG] [net.minecraftforge.coremod.CoreMod.forge/COREMODLOG]: Redirecting method call finalizeSpawn(Lnet/minecraft/world/level/ServerLevelAccessor;Lnet/minecraft/world/DifficultyInstance;Lnet/minecraft/world/entity/EntitySpawnReason;Lnet/minecraft/world/entity/SpawnGroupData;)Lnet/minecraft/world/entity/SpawnGroupData; to onFinalizeSpawn(Lnet/minecraft/world/entity/Mob;Lnet/minecraft/world/level/ServerLevelAccessor;Lnet/minecraft/world/DifficultyInstance;Lnet/minecraft/world/entity/EntitySpawnReason;Lnet/minecraft/world/entity/SpawnGroupData;)Lnet/minecraft/world/entity/SpawnGroupData; inside of net/minecraft/world/entity/monster/Zombie.hurtServer
[23May2025 18:08:02.211] [main/DEBUG] [net.minecraftforge.coremod.CoreMod.forge/COREMODLOG]: Redirecting method call finalizeSpawn(Lnet/minecraft/world/level/ServerLevelAccessor;Lnet/minecraft/world/DifficultyInstance;Lnet/minecraft/world/entity/EntitySpawnReason;Lnet/minecraft/world/entity/SpawnGroupData;)Lnet/minecraft/world/entity/SpawnGroupData; to onFinalizeSpawn(Lnet/minecraft/world/entity/Mob;Lnet/minecraft/world/level/ServerLevelAccessor;Lnet/minecraft/world/DifficultyInstance;Lnet/minecraft/world/entity/EntitySpawnReason;Lnet/minecraft/world/entity/SpawnGroupData;)Lnet/minecraft/world/entity/SpawnGroupData; inside of net/minecraft/world/entity/monster/Zombie.finalizeSpawn
[23May2025 18:08:02.225] [main/DEBUG] [net.minecraftforge.coremod.CoreMod.forge/COREMODLOG]: Redirecting method call finalizeSpawn(Lnet/minecraft/world/level/ServerLevelAccessor;Lnet/minecraft/world/DifficultyInstance;Lnet/minecraft/world/entity/EntitySpawnReason;Lnet/minecraft/world/entity/SpawnGroupData;)Lnet/minecraft/world/entity/SpawnGroupData; to onFinalizeSpawn(Lnet/minecraft/world/entity/Mob;Lnet/minecraft/world/level/ServerLevelAccessor;Lnet/minecraft/world/DifficultyInstance;Lnet/minecraft/world/entity/EntitySpawnReason;Lnet/minecraft/world/entity/SpawnGroupData;)Lnet/minecraft/world/entity/SpawnGroupData; inside of net/minecraft/world/entity/monster/Zombie.lambda$convertVillagerToZombieVillager$4
[23May2025 18:08:02.240] [main/DEBUG] [net.minecraftforge.coremod.transformer.CoreModBaseTransformer/COREMOD]: Transforming net/minecraft/world/entity/npc/Villager
[23May2025 18:08:02.269] [main/DEBUG] [net.minecraftforge.coremod.CoreMod.forge/COREMODLOG]: Redirecting method call finalizeSpawn(Lnet/minecraft/world/level/ServerLevelAccessor;Lnet/minecraft/world/DifficultyInstance;Lnet/minecraft/world/entity/EntitySpawnReason;Lnet/minecraft/world/entity/SpawnGroupData;)Lnet/minecraft/world/entity/SpawnGroupData; to onFinalizeSpawn(Lnet/minecraft/world/entity/Mob;Lnet/minecraft/world/level/ServerLevelAccessor;Lnet/minecraft/world/DifficultyInstance;Lnet/minecraft/world/entity/EntitySpawnReason;Lnet/minecraft/world/entity/SpawnGroupData;)Lnet/minecraft/world/entity/SpawnGroupData; inside of net/minecraft/world/entity/npc/Villager.getBreedOffspring
[23May2025 18:08:02.284] [main/DEBUG] [net.minecraftforge.coremod.CoreMod.forge/COREMODLOG]: Redirecting method call finalizeSpawn(Lnet/minecraft/world/level/ServerLevelAccessor;Lnet/minecraft/world/DifficultyInstance;Lnet/minecraft/world/entity/EntitySpawnReason;Lnet/minecraft/world/entity/SpawnGroupData;)Lnet/minecraft/world/entity/SpawnGroupData; to onFinalizeSpawn(Lnet/minecraft/world/entity/Mob;Lnet/minecraft/world/level/ServerLevelAccessor;Lnet/minecraft/world/DifficultyInstance;Lnet/minecraft/world/entity/EntitySpawnReason;Lnet/minecraft/world/entity/SpawnGroupData;)Lnet/minecraft/world/entity/SpawnGroupData; inside of net/minecraft/world/entity/npc/Villager.lambda$thunderHit$8
[23May2025 18:08:02.315] [main/DEBUG] [net.minecraftforge.coremod.transformer.CoreModBaseTransformer/COREMOD]: Transforming net/minecraft/world/entity/monster/ZombieVillager
[23May2025 18:08:02.334] [main/DEBUG] [net.minecraftforge.coremod.CoreMod.forge/COREMODLOG]: Redirecting method call finalizeSpawn(Lnet/minecraft/world/level/ServerLevelAccessor;Lnet/minecraft/world/DifficultyInstance;Lnet/minecraft/world/entity/EntitySpawnReason;Lnet/minecraft/world/entity/SpawnGroupData;)Lnet/minecraft/world/entity/SpawnGroupData; to onFinalizeSpawn(Lnet/minecraft/world/entity/Mob;Lnet/minecraft/world/level/ServerLevelAccessor;Lnet/minecraft/world/DifficultyInstance;Lnet/minecraft/world/entity/EntitySpawnReason;Lnet/minecraft/world/entity/SpawnGroupData;)Lnet/minecraft/world/entity/SpawnGroupData; inside of net/minecraft/world/entity/monster/ZombieVillager.lambda$finishConversion$3
[23May2025 18:08:02.497] [main/DEBUG] [net.minecraftforge.coremod.transformer.CoreModBaseTransformer/COREMOD]: Transforming net/minecraft/world/entity/monster/Evoker$EvokerSummonSpellGoal
[23May2025 18:08:02.505] [main/DEBUG] [net.minecraftforge.coremod.CoreMod.forge/COREMODLOG]: Redirecting method call finalizeSpawn(Lnet/minecraft/world/level/ServerLevelAccessor;Lnet/minecraft/world/DifficultyInstance;Lnet/minecraft/world/entity/EntitySpawnReason;Lnet/minecraft/world/entity/SpawnGroupData;)Lnet/minecraft/world/entity/SpawnGroupData; to onFinalizeSpawn(Lnet/minecraft/world/entity/Mob;Lnet/minecraft/world/level/ServerLevelAccessor;Lnet/minecraft/world/DifficultyInstance;Lnet/minecraft/world/entity/EntitySpawnReason;Lnet/minecraft/world/entity/SpawnGroupData;)Lnet/minecraft/world/entity/SpawnGroupData; inside of net/minecraft/world/entity/monster/Evoker$EvokerSummonSpellGoal.performSpellCasting
[23May2025 18:08:03.095] [main/DEBUG] [net.minecraftforge.coremod.transformer.CoreModBaseTransformer/COREMOD]: Transforming net/minecraft/world/entity/animal/horse/SkeletonTrapGoal
[23May2025 18:08:03.101] [main/DEBUG] [net.minecraftforge.coremod.CoreMod.forge/COREMODLOG]: Redirecting method call finalizeSpawn(Lnet/minecraft/world/level/ServerLevelAccessor;Lnet/minecraft/world/DifficultyInstance;Lnet/minecraft/world/entity/EntitySpawnReason;Lnet/minecraft/world/entity/SpawnGroupData;)Lnet/minecraft/world/entity/SpawnGroupData; to onFinalizeSpawn(Lnet/minecraft/world/entity/Mob;Lnet/minecraft/world/level/ServerLevelAccessor;Lnet/minecraft/world/DifficultyInstance;Lnet/minecraft/world/entity/EntitySpawnReason;Lnet/minecraft/world/entity/SpawnGroupData;)Lnet/minecraft/world/entity/SpawnGroupData; inside of net/minecraft/world/entity/animal/horse/SkeletonTrapGoal.createHorse
[23May2025 18:08:03.105] [main/DEBUG] [net.minecraftforge.coremod.CoreMod.forge/COREMODLOG]: Redirecting method call finalizeSpawn(Lnet/minecraft/world/level/ServerLevelAccessor;Lnet/minecraft/world/DifficultyInstance;Lnet/minecraft/world/entity/EntitySpawnReason;Lnet/minecraft/world/entity/SpawnGroupData;)Lnet/minecraft/world/entity/SpawnGroupData; to onFinalizeSpawn(Lnet/minecraft/world/entity/Mob;Lnet/minecraft/world/level/ServerLevelAccessor;Lnet/minecraft/world/DifficultyInstance;Lnet/minecraft/world/entity/EntitySpawnReason;Lnet/minecraft/world/entity/SpawnGroupData;)Lnet/minecraft/world/entity/SpawnGroupData; inside of net/minecraft/world/entity/animal/horse/SkeletonTrapGoal.createSkeleton
[23May2025 18:08:03.159] [main/DEBUG] [net.minecraftforge.coremod.transformer.CoreModBaseTransformer/COREMOD]: Transforming net/minecraft/world/entity/monster/Strider
[23May2025 18:08:03.161] [main/DEBUG] [net.minecraftforge.coremod.CoreMod.forge/COREMODLOG]: Redirecting method call finalizeSpawn(Lnet/minecraft/world/level/ServerLevelAccessor;Lnet/minecraft/world/DifficultyInstance;Lnet/minecraft/world/entity/EntitySpawnReason;Lnet/minecraft/world/entity/SpawnGroupData;)Lnet/minecraft/world/entity/SpawnGroupData; to onFinalizeSpawn(Lnet/minecraft/world/entity/Mob;Lnet/minecraft/world/level/ServerLevelAccessor;Lnet/minecraft/world/DifficultyInstance;Lnet/minecraft/world/entity/EntitySpawnReason;Lnet/minecraft/world/entity/SpawnGroupData;)Lnet/minecraft/world/entity/SpawnGroupData; inside of net/minecraft/world/entity/monster/Strider.spawnJockey
[23May2025 18:08:05.475] [main/DEBUG] [net.minecraftforge.coremod.transformer.CoreModBaseTransformer/COREMOD]: Transforming net/minecraft/world/level/levelgen/structure/structures/OceanRuinPieces$OceanRuinPiece
[23May2025 18:08:05.484] [main/DEBUG] [net.minecraftforge.coremod.CoreMod.forge/COREMODLOG]: Redirecting method call finalizeSpawn(Lnet/minecraft/world/level/ServerLevelAccessor;Lnet/minecraft/world/DifficultyInstance;Lnet/minecraft/world/entity/EntitySpawnReason;Lnet/minecraft/world/entity/SpawnGroupData;)Lnet/minecraft/world/entity/SpawnGroupData; to onFinalizeSpawn(Lnet/minecraft/world/entity/Mob;Lnet/minecraft/world/level/ServerLevelAccessor;Lnet/minecraft/world/DifficultyInstance;Lnet/minecraft/world/entity/EntitySpawnReason;Lnet/minecraft/world/entity/SpawnGroupData;)Lnet/minecraft/world/entity/SpawnGroupData; inside of net/minecraft/world/level/levelgen/structure/structures/OceanRuinPieces$OceanRuinPiece.handleDataMarker
[23May2025 18:08:05.495] [main/DEBUG] [net.minecraftforge.coremod.transformer.CoreModBaseTransformer/COREMOD]: Transforming net/minecraft/world/level/levelgen/structure/structures/SwampHutPiece
[23May2025 18:08:05.505] [main/DEBUG] [net.minecraftforge.coremod.CoreMod.forge/COREMODLOG]: Redirecting method call finalizeSpawn(Lnet/minecraft/world/level/ServerLevelAccessor;Lnet/minecraft/world/DifficultyInstance;Lnet/minecraft/world/entity/EntitySpawnReason;Lnet/minecraft/world/entity/SpawnGroupData;)Lnet/minecraft/world/entity/SpawnGroupData; to onFinalizeSpawn(Lnet/minecraft/world/entity/Mob;Lnet/minecraft/world/level/ServerLevelAccessor;Lnet/minecraft/world/DifficultyInstance;Lnet/minecraft/world/entity/EntitySpawnReason;Lnet/minecraft/world/entity/SpawnGroupData;)Lnet/minecraft/world/entity/SpawnGroupData; inside of net/minecraft/world/level/levelgen/structure/structures/SwampHutPiece.postProcess
[23May2025 18:08:05.510] [main/DEBUG] [net.minecraftforge.coremod.CoreMod.forge/COREMODLOG]: Redirecting method call finalizeSpawn(Lnet/minecraft/world/level/ServerLevelAccessor;Lnet/minecraft/world/DifficultyInstance;Lnet/minecraft/world/entity/EntitySpawnReason;Lnet/minecraft/world/entity/SpawnGroupData;)Lnet/minecraft/world/entity/SpawnGroupData; to onFinalizeSpawn(Lnet/minecraft/world/entity/Mob;Lnet/minecraft/world/level/ServerLevelAccessor;Lnet/minecraft/world/DifficultyInstance;Lnet/minecraft/world/entity/EntitySpawnReason;Lnet/minecraft/world/entity/SpawnGroupData;)Lnet/minecraft/world/entity/SpawnGroupData; inside of net/minecraft/world/level/levelgen/structure/structures/SwampHutPiece.spawnCat
[23May2025 18:08:05.518] [main/DEBUG] [net.minecraftforge.coremod.transformer.CoreModBaseTransformer/COREMOD]: Transforming net/minecraft/world/level/levelgen/structure/structures/OceanMonumentPieces$OceanMonumentPiece
[23May2025 18:08:05.518] [main/DEBUG] [net.minecraftforge.coremod.CoreMod.forge/COREMODLOG]: Redirecting method call finalizeSpawn(Lnet/minecraft/world/level/ServerLevelAccessor;Lnet/minecraft/world/DifficultyInstance;Lnet/minecraft/world/entity/EntitySpawnReason;Lnet/minecraft/world/entity/SpawnGroupData;)Lnet/minecraft/world/entity/SpawnGroupData; to onFinalizeSpawn(Lnet/minecraft/world/entity/Mob;Lnet/minecraft/world/level/ServerLevelAccessor;Lnet/minecraft/world/DifficultyInstance;Lnet/minecraft/world/entity/EntitySpawnReason;Lnet/minecraft/world/entity/SpawnGroupData;)Lnet/minecraft/world/entity/SpawnGroupData; inside of net/minecraft/world/level/levelgen/structure/structures/OceanMonumentPieces$OceanMonumentPiece.spawnElder
[23May2025 18:08:05.545] [main/DEBUG] [net.minecraftforge.coremod.transformer.CoreModBaseTransformer/COREMOD]: Transforming net/minecraft/world/level/levelgen/structure/structures/WoodlandMansionPieces$WoodlandMansionPiece
[23May2025 18:08:05.554] [main/DEBUG] [net.minecraftforge.coremod.CoreMod.forge/COREMODLOG]: Redirecting method call finalizeSpawn(Lnet/minecraft/world/level/ServerLevelAccessor;Lnet/minecraft/world/DifficultyInstance;Lnet/minecraft/world/entity/EntitySpawnReason;Lnet/minecraft/world/entity/SpawnGroupData;)Lnet/minecraft/world/entity/SpawnGroupData; to onFinalizeSpawn(Lnet/minecraft/world/entity/Mob;Lnet/minecraft/world/level/ServerLevelAccessor;Lnet/minecraft/world/DifficultyInstance;Lnet/minecraft/world/entity/EntitySpawnReason;Lnet/minecraft/world/entity/SpawnGroupData;)Lnet/minecraft/world/entity/SpawnGroupData; inside of net/minecraft/world/level/levelgen/structure/structures/WoodlandMansionPieces$WoodlandMansionPiece.handleDataMarker
[23May2025 18:08:06.695] [main/DEBUG] [net.minecraftforge.registries.GameData/REGISTRIES]: Creating vanilla freeze snapshot
[23May2025 18:08:06.700] [main/DEBUG] [net.minecraftforge.registries.ForgeRegistry/REGISTRIES]: Registry minecraft:block Sync: VANILLA -> ACTIVE
[23May2025 18:08:06.745] [main/DEBUG] [net.minecraftforge.registries.ForgeRegistry/REGISTRIES]: Registry minecraft:fluid Sync: VANILLA -> ACTIVE
[23May2025 18:08:06.745] [main/DEBUG] [net.minecraftforge.registries.ForgeRegistry/REGISTRIES]: Registry minecraft:item Sync: VANILLA -> ACTIVE
[23May2025 18:08:06.796] [main/DEBUG] [net.minecraftforge.registries.ForgeRegistry/REGISTRIES]: Registry minecraft:mob_effect Sync: VANILLA -> ACTIVE
[23May2025 18:08:06.800] [main/DEBUG] [net.minecraftforge.registries.ForgeRegistry/REGISTRIES]: Registry minecraft:sound_event Sync: VANILLA -> ACTIVE
[23May2025 18:08:06.845] [main/DEBUG] [net.minecraftforge.registries.ForgeRegistry/REGISTRIES]: Registry minecraft:potion Sync: VANILLA -> ACTIVE
[23May2025 18:08:06.845] [main/DEBUG] [net.minecraftforge.registries.ForgeRegistry/REGISTRIES]: Registry minecraft:entity_type Sync: VANILLA -> ACTIVE
[23May2025 18:08:06.855] [main/DEBUG] [net.minecraftforge.registries.ForgeRegistry/REGISTRIES]: Registry minecraft:block_entity_type Sync: VANILLA -> ACTIVE
[23May2025 18:08:06.855] [main/DEBUG] [net.minecraftforge.registries.ForgeRegistry/REGISTRIES]: Registry minecraft:particle_type Sync: VANILLA -> ACTIVE
[23May2025 18:08:06.860] [main/DEBUG] [net.minecraftforge.registries.ForgeRegistry/REGISTRIES]: Registry minecraft:menu Sync: VANILLA -> ACTIVE
[23May2025 18:08:06.860] [main/DEBUG] [net.minecraftforge.registries.ForgeRegistry/REGISTRIES]: Registry minecraft:painting_variant Sync: VANILLA -> ACTIVE
[23May2025 18:08:06.860] [main/DEBUG] [net.minecraftforge.registries.ForgeRegistry/REGISTRIES]: Registry minecraft:recipe_type Sync: VANILLA -> ACTIVE
[23May2025 18:08:06.860] [main/DEBUG] [net.minecraftforge.registries.ForgeRegistry/REGISTRIES]: Registry minecraft:recipe_serializer Sync: VANILLA -> ACTIVE
[23May2025 18:08:06.860] [main/DEBUG] [net.minecraftforge.registries.ForgeRegistry/REGISTRIES]: Registry minecraft:attribute Sync: VANILLA -> ACTIVE
[23May2025 18:08:06.860] [main/DEBUG] [net.minecraftforge.registries.ForgeRegistry/REGISTRIES]: Registry minecraft:stat_type Sync: VANILLA -> ACTIVE
[23May2025 18:08:06.865] [main/DEBUG] [net.minecraftforge.registries.ForgeRegistry/REGISTRIES]: Registry minecraft:command_argument_type Sync: VANILLA -> ACTIVE
[23May2025 18:08:06.865] [main/DEBUG] [net.minecraftforge.registries.ForgeRegistry/REGISTRIES]: Registry minecraft:data_component_type Sync: VANILLA -> ACTIVE
[23May2025 18:08:06.869] [main/DEBUG] [net.minecraftforge.registries.ForgeRegistry/REGISTRIES]: Registry minecraft:villager_profession Sync: VANILLA -> ACTIVE
[23May2025 18:08:06.869] [main/DEBUG] [net.minecraftforge.registries.ForgeRegistry/REGISTRIES]: Registry minecraft:point_of_interest_type Sync: VANILLA -> ACTIVE
[23May2025 18:08:06.875] [main/DEBUG] [net.minecraftforge.registries.ForgeRegistry/REGISTRIES]: Registry minecraft:memory_module_type Sync: VANILLA -> ACTIVE
[23May2025 18:08:06.875] [main/DEBUG] [net.minecraftforge.registries.ForgeRegistry/REGISTRIES]: Registry minecraft:sensor_type Sync: VANILLA -> ACTIVE
[23May2025 18:08:06.875] [main/DEBUG] [net.minecraftforge.registries.ForgeRegistry/REGISTRIES]: Registry minecraft:schedule Sync: VANILLA -> ACTIVE
[23May2025 18:08:06.875] [main/DEBUG] [net.minecraftforge.registries.ForgeRegistry/REGISTRIES]: Registry minecraft:activity Sync: VANILLA -> ACTIVE
[23May2025 18:08:06.875] [main/DEBUG] [net.minecraftforge.registries.ForgeRegistry/REGISTRIES]: Registry minecraft:worldgen/carver Sync: VANILLA -> ACTIVE
[23May2025 18:08:06.875] [main/DEBUG] [net.minecraftforge.registries.ForgeRegistry/REGISTRIES]: Registry minecraft:worldgen/feature Sync: VANILLA -> ACTIVE
[23May2025 18:08:06.885] [main/DEBUG] [net.minecraftforge.registries.ForgeRegistry/REGISTRIES]: Registry minecraft:chunk_status Sync: VANILLA -> ACTIVE
[23May2025 18:08:06.885] [main/DEBUG] [net.minecraftforge.registries.ForgeRegistry/REGISTRIES]: Registry minecraft:worldgen/block_state_provider_type Sync: VANILLA -> ACTIVE
[23May2025 18:08:06.885] [main/DEBUG] [net.minecraftforge.registries.ForgeRegistry/REGISTRIES]: Registry minecraft:worldgen/foliage_placer_type Sync: VANILLA -> ACTIVE
[23May2025 18:08:06.890] [main/DEBUG] [net.minecraftforge.registries.ForgeRegistry/REGISTRIES]: Registry minecraft:worldgen/tree_decorator_type Sync: VANILLA -> ACTIVE
[23May2025 18:08:06.890] [main/DEBUG] [net.minecraftforge.registries.ForgeRegistry/REGISTRIES]: Registry minecraft:worldgen/biome Sync: VANILLA -> ACTIVE
[23May2025 18:08:06.904] [main/DEBUG] [net.minecraftforge.registries.GameData/REGISTRIES]: Vanilla registry order:
[23May2025 18:08:06.904] [main/INFO] [net.minecraftforge.registries.GameData/REGISTRIES]: 	minecraft:root
[23May2025 18:08:06.904] [main/INFO] [net.minecraftforge.registries.GameData/REGISTRIES]: 	minecraft:sound_event
[23May2025 18:08:06.904] [main/INFO] [net.minecraftforge.registries.GameData/REGISTRIES]: 	minecraft:fluid
[23May2025 18:08:06.904] [main/INFO] [net.minecraftforge.registries.GameData/REGISTRIES]: 	minecraft:particle_type
[23May2025 18:08:06.904] [main/INFO] [net.minecraftforge.registries.GameData/REGISTRIES]: 	minecraft:attribute
[23May2025 18:08:06.904] [main/INFO] [net.minecraftforge.registries.GameData/REGISTRIES]: 	minecraft:mob_effect
[23May2025 18:08:06.904] [main/INFO] [net.minecraftforge.registries.GameData/REGISTRIES]: 	minecraft:block
[23May2025 18:08:06.904] [main/INFO] [net.minecraftforge.registries.GameData/REGISTRIES]: 	minecraft:enchantment_effect_component_type
[23May2025 18:08:06.904] [main/INFO] [net.minecraftforge.registries.GameData/REGISTRIES]: 	minecraft:loot_score_provider_type
[23May2025 18:08:06.904] [main/INFO] [net.minecraftforge.registries.GameData/REGISTRIES]: 	minecraft:loot_number_provider_type
[23May2025 18:08:06.904] [main/INFO] [net.minecraftforge.registries.GameData/REGISTRIES]: 	minecraft:map_decoration_type
[23May2025 18:08:06.904] [main/INFO] [net.minecraftforge.registries.GameData/REGISTRIES]: 	minecraft:loot_pool_entry_type
[23May2025 18:08:06.904] [main/INFO] [net.minecraftforge.registries.GameData/REGISTRIES]: 	minecraft:loot_nbt_provider_type
[23May2025 18:08:06.904] [main/INFO] [net.minecraftforge.registries.GameData/REGISTRIES]: 	minecraft:loot_function_type
[23May2025 18:08:06.909] [main/INFO] [net.minecraftforge.registries.GameData/REGISTRIES]: 	minecraft:data_component_type
[23May2025 18:08:06.909] [main/INFO] [net.minecraftforge.registries.GameData/REGISTRIES]: 	minecraft:entity_type
[23May2025 18:08:06.909] [main/INFO] [net.minecraftforge.registries.GameData/REGISTRIES]: 	minecraft:item
[23May2025 18:08:06.909] [main/INFO] [net.minecraftforge.registries.GameData/REGISTRIES]: 	minecraft:game_event
[23May2025 18:08:06.909] [main/INFO] [net.minecraftforge.registries.GameData/REGISTRIES]: 	minecraft:potion
[23May2025 18:08:06.909] [main/INFO] [net.minecraftforge.registries.GameData/REGISTRIES]: 	minecraft:block_entity_type
[23May2025 18:08:06.909] [main/INFO] [net.minecraftforge.registries.GameData/REGISTRIES]: 	minecraft:stat_type
[23May2025 18:08:06.909] [main/INFO] [net.minecraftforge.registries.GameData/REGISTRIES]: 	minecraft:custom_stat
[23May2025 18:08:06.909] [main/INFO] [net.minecraftforge.registries.GameData/REGISTRIES]: 	minecraft:chunk_status
[23May2025 18:08:06.909] [main/INFO] [net.minecraftforge.registries.GameData/REGISTRIES]: 	minecraft:rule_test
[23May2025 18:08:06.909] [main/INFO] [net.minecraftforge.registries.GameData/REGISTRIES]: 	minecraft:rule_block_entity_modifier
[23May2025 18:08:06.909] [main/INFO] [net.minecraftforge.registries.GameData/REGISTRIES]: 	minecraft:pos_rule_test
[23May2025 18:08:06.909] [main/INFO] [net.minecraftforge.registries.GameData/REGISTRIES]: 	minecraft:menu
[23May2025 18:08:06.909] [main/INFO] [net.minecraftforge.registries.GameData/REGISTRIES]: 	minecraft:recipe_type
[23May2025 18:08:06.909] [main/INFO] [net.minecraftforge.registries.GameData/REGISTRIES]: 	minecraft:recipe_serializer
[23May2025 18:08:06.909] [main/INFO] [net.minecraftforge.registries.GameData/REGISTRIES]: 	minecraft:position_source_type
[23May2025 18:08:06.909] [main/INFO] [net.minecraftforge.registries.GameData/REGISTRIES]: 	minecraft:command_argument_type
[23May2025 18:08:06.909] [main/INFO] [net.minecraftforge.registries.GameData/REGISTRIES]: 	minecraft:villager_type
[23May2025 18:08:06.909] [main/INFO] [net.minecraftforge.registries.GameData/REGISTRIES]: 	minecraft:villager_profession
[23May2025 18:08:06.909] [main/INFO] [net.minecraftforge.registries.GameData/REGISTRIES]: 	minecraft:point_of_interest_type
[23May2025 18:08:06.909] [main/INFO] [net.minecraftforge.registries.GameData/REGISTRIES]: 	minecraft:memory_module_type
[23May2025 18:08:06.909] [main/INFO] [net.minecraftforge.registries.GameData/REGISTRIES]: 	minecraft:sensor_type
[23May2025 18:08:06.909] [main/INFO] [net.minecraftforge.registries.GameData/REGISTRIES]: 	minecraft:activity
[23May2025 18:08:06.909] [main/INFO] [net.minecraftforge.registries.GameData/REGISTRIES]: 	minecraft:schedule
[23May2025 18:08:06.915] [main/INFO] [net.minecraftforge.registries.GameData/REGISTRIES]: 	minecraft:loot_condition_type
[23May2025 18:08:06.915] [main/INFO] [net.minecraftforge.registries.GameData/REGISTRIES]: 	minecraft:float_provider_type
[23May2025 18:08:06.915] [main/INFO] [net.minecraftforge.registries.GameData/REGISTRIES]: 	minecraft:int_provider_type
[23May2025 18:08:06.915] [main/INFO] [net.minecraftforge.registries.GameData/REGISTRIES]: 	minecraft:height_provider_type
[23May2025 18:08:06.915] [main/INFO] [net.minecraftforge.registries.GameData/REGISTRIES]: 	minecraft:block_predicate_type
[23May2025 18:08:06.915] [main/INFO] [net.minecraftforge.registries.GameData/REGISTRIES]: 	minecraft:worldgen/carver
[23May2025 18:08:06.915] [main/INFO] [net.minecraftforge.registries.GameData/REGISTRIES]: 	minecraft:worldgen/structure_processor
[23May2025 18:08:06.915] [main/INFO] [net.minecraftforge.registries.GameData/REGISTRIES]: 	minecraft:worldgen/feature
[23May2025 18:08:06.915] [main/INFO] [net.minecraftforge.registries.GameData/REGISTRIES]: 	minecraft:worldgen/structure_placement
[23May2025 18:08:06.915] [main/INFO] [net.minecraftforge.registries.GameData/REGISTRIES]: 	minecraft:worldgen/structure_piece
[23May2025 18:08:06.915] [main/INFO] [net.minecraftforge.registries.GameData/REGISTRIES]: 	minecraft:worldgen/structure_type
[23May2025 18:08:06.915] [main/INFO] [net.minecraftforge.registries.GameData/REGISTRIES]: 	minecraft:worldgen/placement_modifier_type
[23May2025 18:08:06.915] [main/INFO] [net.minecraftforge.registries.GameData/REGISTRIES]: 	minecraft:worldgen/block_state_provider_type
[23May2025 18:08:06.915] [main/INFO] [net.minecraftforge.registries.GameData/REGISTRIES]: 	minecraft:worldgen/foliage_placer_type
[23May2025 18:08:06.915] [main/INFO] [net.minecraftforge.registries.GameData/REGISTRIES]: 	minecraft:worldgen/trunk_placer_type
[23May2025 18:08:06.915] [main/INFO] [net.minecraftforge.registries.GameData/REGISTRIES]: 	minecraft:worldgen/root_placer_type
[23May2025 18:08:06.915] [main/INFO] [net.minecraftforge.registries.GameData/REGISTRIES]: 	minecraft:worldgen/tree_decorator_type
[23May2025 18:08:06.915] [main/INFO] [net.minecraftforge.registries.GameData/REGISTRIES]: 	minecraft:worldgen/feature_size_type
[23May2025 18:08:06.915] [main/INFO] [net.minecraftforge.registries.GameData/REGISTRIES]: 	minecraft:worldgen/biome_source
[23May2025 18:08:06.915] [main/INFO] [net.minecraftforge.registries.GameData/REGISTRIES]: 	minecraft:worldgen/chunk_generator
[23May2025 18:08:06.915] [main/INFO] [net.minecraftforge.registries.GameData/REGISTRIES]: 	minecraft:worldgen/material_condition
[23May2025 18:08:06.915] [main/INFO] [net.minecraftforge.registries.GameData/REGISTRIES]: 	minecraft:worldgen/material_rule
[23May2025 18:08:06.915] [main/INFO] [net.minecraftforge.registries.GameData/REGISTRIES]: 	minecraft:worldgen/density_function_type
[23May2025 18:08:06.915] [main/INFO] [net.minecraftforge.registries.GameData/REGISTRIES]: 	minecraft:block_type
[23May2025 18:08:06.915] [main/INFO] [net.minecraftforge.registries.GameData/REGISTRIES]: 	minecraft:worldgen/structure_pool_element
[23May2025 18:08:06.915] [main/INFO] [net.minecraftforge.registries.GameData/REGISTRIES]: 	minecraft:worldgen/pool_alias_binding
[23May2025 18:08:06.915] [main/INFO] [net.minecraftforge.registries.GameData/REGISTRIES]: 	minecraft:decorated_pot_pattern
[23May2025 18:08:06.915] [main/INFO] [net.minecraftforge.registries.GameData/REGISTRIES]: 	minecraft:creative_mode_tab
[23May2025 18:08:06.915] [main/INFO] [net.minecraftforge.registries.GameData/REGISTRIES]: 	minecraft:trigger_type
[23May2025 18:08:06.915] [main/INFO] [net.minecraftforge.registries.GameData/REGISTRIES]: 	minecraft:number_format_type
[23May2025 18:08:06.915] [main/INFO] [net.minecraftforge.registries.GameData/REGISTRIES]: 	minecraft:entity_sub_predicate_type
[23May2025 18:08:06.915] [main/INFO] [net.minecraftforge.registries.GameData/REGISTRIES]: 	minecraft:data_component_predicate_type
[23May2025 18:08:06.915] [main/INFO] [net.minecraftforge.registries.GameData/REGISTRIES]: 	minecraft:enchantment_level_based_value_type
[23May2025 18:08:06.915] [main/INFO] [net.minecraftforge.registries.GameData/REGISTRIES]: 	minecraft:enchantment_entity_effect_type
[23May2025 18:08:06.915] [main/INFO] [net.minecraftforge.registries.GameData/REGISTRIES]: 	minecraft:enchantment_location_based_effect_type
[23May2025 18:08:06.915] [main/INFO] [net.minecraftforge.registries.GameData/REGISTRIES]: 	minecraft:enchantment_value_effect_type
[23May2025 18:08:06.915] [main/INFO] [net.minecraftforge.registries.GameData/REGISTRIES]: 	minecraft:enchantment_provider_type
[23May2025 18:08:06.915] [main/INFO] [net.minecraftforge.registries.GameData/REGISTRIES]: 	minecraft:consume_effect_type
[23May2025 18:08:06.915] [main/INFO] [net.minecraftforge.registries.GameData/REGISTRIES]: 	minecraft:recipe_display
[23May2025 18:08:06.915] [main/INFO] [net.minecraftforge.registries.GameData/REGISTRIES]: 	minecraft:slot_display
[23May2025 18:08:06.915] [main/INFO] [net.minecraftforge.registries.GameData/REGISTRIES]: 	minecraft:recipe_book_category
[23May2025 18:08:06.915] [main/INFO] [net.minecraftforge.registries.GameData/REGISTRIES]: 	minecraft:ticket_type
[23May2025 18:08:06.915] [main/INFO] [net.minecraftforge.registries.GameData/REGISTRIES]: 	minecraft:test_environment_definition_type
[23May2025 18:08:06.915] [main/INFO] [net.minecraftforge.registries.GameData/REGISTRIES]: 	minecraft:test_instance_type
[23May2025 18:08:06.915] [main/INFO] [net.minecraftforge.registries.GameData/REGISTRIES]: 	minecraft:spawn_condition_type
[23May2025 18:08:06.915] [main/INFO] [net.minecraftforge.registries.GameData/REGISTRIES]: 	minecraft:test_function
[23May2025 18:08:06.924] [main/DEBUG] [net.minecraftforge.registries.GameData/REGISTRIES]: Vanilla freeze snapshot created
[23May2025 18:08:07.165] [main/DEBUG] [mixin/]: Mixing GuiMixin from everythingjapanese.mixins.json into net.minecraft.client.gui.Gui
[23May2025 18:08:07.185] [main/DEBUG] [mixin/]: Renaming synthetic method lambda$onRender$0(Lnet/minecraft/client/gui/GuiGraphics;Lnet/Chidoziealways/everythingjapanese/chakra/IChakra;)V to mde24a65$lambda$onRender$0$0 in everythingjapanese.mixins.json:GuiMixin
[23May2025 18:08:07.755] [main/DEBUG] [net.minecraftforge.fml.ModWorkManager/LOADING]: Using 4 threads for parallel mod-loading
[23May2025 18:08:07.765] [main/DEBUG] [net.minecraftforge.fml.javafmlmod.FMLJavaModLanguageProvider/LOADING]: Loading FMLModContainer from classloader TransformingClassLoader[TRANSFORMER]@1917555614 - got SecureModuleClassLoader[LAYER PLUGIN]@397822273
[23May2025 18:08:07.776] [main/DEBUG] [net.minecraftforge.fml.javafmlmod.FMLModContainer/LOADING]: Creating FMLModContainer instance for net.Chidoziealways.everythingjapanese.EverythingJapanese
[23May2025 18:08:07.776] [main/DEBUG] [net.minecraftforge.fml.javafmlmod.FMLModContainer/LOADING]: Loaded modclass everythingjapanese/net.Chidoziealways.everythingjapanese.EverythingJapanese with TransformingClassLoader[TRANSFORMER]@1917555614
[23May2025 18:08:07.776] [main/DEBUG] [net.minecraftforge.fml.javafmlmod.FMLJavaModLanguageProvider/LOADING]: Loading FMLModContainer from classloader TransformingClassLoader[TRANSFORMER]@1917555614 - got SecureModuleClassLoader[LAYER PLUGIN]@397822273
[23May2025 18:08:07.784] [main/DEBUG] [net.minecraftforge.fml.javafmlmod.FMLModContainer/LOADING]: Creating FMLModContainer instance for net.minecraftforge.common.ForgeMod
[23May2025 18:08:07.792] [main/DEBUG] [net.minecraftforge.fml.javafmlmod.FMLModContainer/LOADING]: Loaded modclass net.minecraftforge.forge/net.minecraftforge.common.ForgeMod with TransformingClassLoader[TRANSFORMER]@1917555614
[23May2025 18:08:07.879] [modloading-worker-0/DEBUG] [net.Chidoziealways.everythingjapanese.EverythingJapanese/]: Registering Registries
[23May2025 18:08:07.888] [modloading-worker-0/DEBUG] [net.minecraftforge.versions.forge.ForgeVersion/CORE]: Forge Version package package net.minecraftforge.versions.forge, Forge, version 0.0 from TransformingClassLoader[TRANSFORMER]@1917555614
[23May2025 18:08:07.888] [modloading-worker-0/DEBUG] [net.minecraftforge.versions.forge.ForgeVersion/CORE]: Found Forge version 55.0.16
[23May2025 18:08:07.888] [modloading-worker-0/DEBUG] [net.minecraftforge.versions.forge.ForgeVersion/CORE]: Found Forge spec 0.0
[23May2025 18:08:07.888] [modloading-worker-0/DEBUG] [net.minecraftforge.versions.forge.ForgeVersion/CORE]: Found Forge group net.minecraftforge
[23May2025 18:08:07.888] [modloading-worker-0/DEBUG] [net.minecraftforge.versions.mcp.MCPVersion/CORE]: MCP Version package package net.minecraftforge.versions.mcp, Minecraft, version 1.21.5 from TransformingClassLoader[TRANSFORMER]@1917555614
[23May2025 18:08:07.888] [modloading-worker-0/DEBUG] [net.minecraftforge.versions.mcp.MCPVersion/CORE]: Found MC version information 1.21.5
[23May2025 18:08:07.895] [modloading-worker-0/DEBUG] [net.minecraftforge.versions.mcp.MCPVersion/CORE]: Found MCP version information 20250325.155543
[23May2025 18:08:07.895] [modloading-worker-0/INFO] [net.minecraftforge.common.ForgeMod/FORGEMOD]: Forge mod loading, version 55.0.16, for MC 1.21.5 with MCP 20250325.155543
[23May2025 18:08:07.895] [modloading-worker-0/INFO] [net.minecraftforge.common.MinecraftForge/FORGE]: MinecraftForge v55.0.16 Initialized
[23May2025 18:08:07.925] [modloading-worker-0/INFO] [net.Chidoziealways.everythingjapanese.EverythingJapanese/]: Attempting to register block: pyrite_block
[23May2025 18:08:07.925] [modloading-worker-0/INFO] [net.Chidoziealways.everythingjapanese.EverythingJapanese/]: Registering BlockItem for: pyrite_block
[23May2025 18:08:07.964] [modloading-worker-0/INFO] [net.Chidoziealways.everythingjapanese.EverythingJapanese/]: Attempting to register block: nephrite_block
[23May2025 18:08:07.964] [modloading-worker-0/INFO] [net.Chidoziealways.everythingjapanese.EverythingJapanese/]: Registering BlockItem for: nephrite_block
[23May2025 18:08:07.964] [modloading-worker-0/INFO] [net.Chidoziealways.everythingjapanese.EverythingJapanese/]: Attempting to register block: raw_pyrite_block
[23May2025 18:08:07.964] [modloading-worker-0/INFO] [net.Chidoziealways.everythingjapanese.EverythingJapanese/]: Registering BlockItem for: raw_pyrite_block
[23May2025 18:08:07.964] [modloading-worker-0/INFO] [net.Chidoziealways.everythingjapanese.EverythingJapanese/]: Attempting to register block: pyrite_ore
[23May2025 18:08:07.964] [modloading-worker-0/INFO] [net.Chidoziealways.everythingjapanese.EverythingJapanese/]: Registering BlockItem for: pyrite_ore
[23May2025 18:08:07.964] [modloading-worker-0/INFO] [net.Chidoziealways.everythingjapanese.EverythingJapanese/]: Attempting to register block: pyrite_deepslate_ore
[23May2025 18:08:07.964] [modloading-worker-0/INFO] [net.Chidoziealways.everythingjapanese.EverythingJapanese/]: Registering BlockItem for: pyrite_deepslate_ore
[23May2025 18:08:07.964] [modloading-worker-0/INFO] [net.Chidoziealways.everythingjapanese.EverythingJapanese/]: Attempting to register block: nephrite_ore
[23May2025 18:08:07.964] [modloading-worker-0/INFO] [net.Chidoziealways.everythingjapanese.EverythingJapanese/]: Registering BlockItem for: nephrite_ore
[23May2025 18:08:07.964] [modloading-worker-0/INFO] [net.Chidoziealways.everythingjapanese.EverythingJapanese/]: Attempting to register block: nephrite_deepslate_ore
[23May2025 18:08:07.969] [modloading-worker-0/INFO] [net.Chidoziealways.everythingjapanese.EverythingJapanese/]: Registering BlockItem for: nephrite_deepslate_ore
[23May2025 18:08:07.971] [modloading-worker-0/INFO] [net.Chidoziealways.everythingjapanese.EverythingJapanese/]: Attempting to register block: transformer_block
[23May2025 18:08:07.971] [modloading-worker-0/INFO] [net.Chidoziealways.everythingjapanese.EverythingJapanese/]: Registering BlockItem for: transformer_block
[23May2025 18:08:07.973] [modloading-worker-0/INFO] [net.Chidoziealways.everythingjapanese.EverythingJapanese/]: Attempting to register block: chocolate_cake
[23May2025 18:08:07.973] [modloading-worker-0/INFO] [net.Chidoziealways.everythingjapanese.EverythingJapanese/]: Registering BlockItem for: chocolate_cake
[23May2025 18:08:07.974] [modloading-worker-0/INFO] [net.Chidoziealways.everythingjapanese.EverythingJapanese/]: Attempting to register block: japanese_cheesecake
[23May2025 18:08:07.974] [modloading-worker-0/INFO] [net.Chidoziealways.everythingjapanese.EverythingJapanese/]: Registering BlockItem for: japanese_cheesecake
[23May2025 18:08:07.975] [modloading-worker-0/INFO] [net.Chidoziealways.everythingjapanese.EverythingJapanese/]: Attempting to register block: pedestal
[23May2025 18:08:07.975] [modloading-worker-0/INFO] [net.Chidoziealways.everythingjapanese.EverythingJapanese/]: Registering BlockItem for: pedestal
[23May2025 18:08:07.975] [modloading-worker-0/INFO] [net.Chidoziealways.everythingjapanese.EverythingJapanese/]: Attempting to register block: growth_chamber
[23May2025 18:08:07.975] [modloading-worker-0/INFO] [net.Chidoziealways.everythingjapanese.EverythingJapanese/]: Registering BlockItem for: growth_chamber
[23May2025 18:08:07.975] [modloading-worker-0/INFO] [net.Chidoziealways.everythingjapanese.EverythingJapanese/]: Attempting to register block: hinoki_maruta
[23May2025 18:08:07.975] [modloading-worker-0/INFO] [net.Chidoziealways.everythingjapanese.EverythingJapanese/]: Registering BlockItem for: hinoki_maruta
[23May2025 18:08:07.980] [modloading-worker-0/INFO] [net.Chidoziealways.everythingjapanese.EverythingJapanese/]: Attempting to register block: hinoki_mokuzai
[23May2025 18:08:07.980] [modloading-worker-0/INFO] [net.Chidoziealways.everythingjapanese.EverythingJapanese/]: Registering BlockItem for: hinoki_mokuzai
[23May2025 18:08:07.980] [modloading-worker-0/INFO] [net.Chidoziealways.everythingjapanese.EverythingJapanese/]: Attempting to register block: stripped_hinoki_maruta
[23May2025 18:08:07.980] [modloading-worker-0/INFO] [net.Chidoziealways.everythingjapanese.EverythingJapanese/]: Registering BlockItem for: stripped_hinoki_maruta
[23May2025 18:08:07.980] [modloading-worker-0/INFO] [net.Chidoziealways.everythingjapanese.EverythingJapanese/]: Attempting to register block: stripped_hinoki_mokuzai
[23May2025 18:08:07.980] [modloading-worker-0/INFO] [net.Chidoziealways.everythingjapanese.EverythingJapanese/]: Registering BlockItem for: stripped_hinoki_mokuzai
[23May2025 18:08:07.985] [modloading-worker-0/INFO] [net.Chidoziealways.everythingjapanese.EverythingJapanese/]: Attempting to register block: hinoki_ban
[23May2025 18:08:07.985] [modloading-worker-0/INFO] [net.Chidoziealways.everythingjapanese.EverythingJapanese/]: Registering BlockItem for: hinoki_ban
[23May2025 18:08:07.990] [modloading-worker-0/INFO] [net.Chidoziealways.everythingjapanese.EverythingJapanese/]: Attempting to register block: hinoki_ha
[23May2025 18:08:07.990] [modloading-worker-0/INFO] [net.Chidoziealways.everythingjapanese.EverythingJapanese/]: Registering BlockItem for: hinoki_ha
[23May2025 18:08:07.990] [modloading-worker-0/INFO] [net.Chidoziealways.everythingjapanese.EverythingJapanese/]: Attempting to register block: hinoki_naegi
[23May2025 18:08:07.990] [modloading-worker-0/INFO] [net.Chidoziealways.everythingjapanese.EverythingJapanese/]: Registering BlockItem for: hinoki_naegi
[23May2025 18:08:07.990] [modloading-worker-0/INFO] [net.Chidoziealways.everythingjapanese.EverythingJapanese/]: Attempting to register block: potted_hinoki_naegi
[23May2025 18:08:07.990] [modloading-worker-0/INFO] [net.Chidoziealways.everythingjapanese.EverythingJapanese/]: Registering BlockItem for: potted_hinoki_naegi
[23May2025 18:08:07.990] [modloading-worker-0/INFO] [net.Chidoziealways.everythingjapanese.EverythingJapanese/]: Attempting to register block: pyrite_stairs
[23May2025 18:08:07.990] [modloading-worker-0/INFO] [net.Chidoziealways.everythingjapanese.EverythingJapanese/]: Registering BlockItem for: pyrite_stairs
[23May2025 18:08:07.994] [modloading-worker-0/INFO] [net.Chidoziealways.everythingjapanese.EverythingJapanese/]: Attempting to register block: pyrite_slab
[23May2025 18:08:07.995] [modloading-worker-0/INFO] [net.Chidoziealways.everythingjapanese.EverythingJapanese/]: Registering BlockItem for: pyrite_slab
[23May2025 18:08:07.995] [modloading-worker-0/INFO] [net.minecraftforge.common.ForgeMod/FORGEMOD]: Opening jdk.naming.dns/com.sun.jndi.dns to java.naming
[23May2025 18:08:07.995] [modloading-worker-0/INFO] [net.Chidoziealways.everythingjapanese.EverythingJapanese/]: Attempting to register block: pyrite_pressure_plate
[23May2025 18:08:07.995] [modloading-worker-0/INFO] [net.Chidoziealways.everythingjapanese.EverythingJapanese/]: Registering BlockItem for: pyrite_pressure_plate
[23May2025 18:08:07.995] [modloading-worker-0/INFO] [net.Chidoziealways.everythingjapanese.EverythingJapanese/]: Attempting to register block: pyrite_button
[23May2025 18:08:07.995] [modloading-worker-0/INFO] [net.Chidoziealways.everythingjapanese.EverythingJapanese/]: Registering BlockItem for: pyrite_button
[23May2025 18:08:07.995] [modloading-worker-0/INFO] [net.Chidoziealways.everythingjapanese.EverythingJapanese/]: Attempting to register block: pyrite_fence
[23May2025 18:08:07.995] [modloading-worker-0/INFO] [net.Chidoziealways.everythingjapanese.EverythingJapanese/]: Registering BlockItem for: pyrite_fence
[23May2025 18:08:07.999] [modloading-worker-0/INFO] [net.Chidoziealways.everythingjapanese.EverythingJapanese/]: Attempting to register block: pyrite_fence_gate
[23May2025 18:08:07.999] [modloading-worker-0/INFO] [net.Chidoziealways.everythingjapanese.EverythingJapanese/]: Registering BlockItem for: pyrite_fence_gate
[23May2025 18:08:07.999] [modloading-worker-0/INFO] [net.Chidoziealways.everythingjapanese.EverythingJapanese/]: Attempting to register block: pyrite_wall
[23May2025 18:08:07.999] [modloading-worker-0/INFO] [net.Chidoziealways.everythingjapanese.EverythingJapanese/]: Registering BlockItem for: pyrite_wall
[23May2025 18:08:07.999] [modloading-worker-0/INFO] [net.Chidoziealways.everythingjapanese.EverythingJapanese/]: Attempting to register block: pyrite_door
[23May2025 18:08:07.999] [modloading-worker-0/INFO] [net.Chidoziealways.everythingjapanese.EverythingJapanese/]: Registering BlockItem for: pyrite_door
[23May2025 18:08:08.002] [modloading-worker-0/INFO] [net.Chidoziealways.everythingjapanese.EverythingJapanese/]: Attempting to register block: pyrite_trapdoor
[23May2025 18:08:08.002] [modloading-worker-0/INFO] [net.Chidoziealways.everythingjapanese.EverythingJapanese/]: Registering BlockItem for: pyrite_trapdoor
[23May2025 18:08:08.002] [modloading-worker-0/INFO] [net.Chidoziealways.everythingjapanese.EverythingJapanese/]: Attempting to register block: pyrite_lamp
[23May2025 18:08:08.002] [modloading-worker-0/INFO] [net.Chidoziealways.everythingjapanese.EverythingJapanese/]: Registering BlockItem for: pyrite_lamp
[23May2025 18:08:08.004] [modloading-worker-0/INFO] [net.Chidoziealways.everythingjapanese.EverythingJapanese/]: Attempting to register block: chair
[23May2025 18:08:08.004] [modloading-worker-0/INFO] [net.Chidoziealways.everythingjapanese.EverythingJapanese/]: Registering BlockItem for: chair
[23May2025 18:08:08.004] [modloading-worker-0/INFO] [net.Chidoziealways.everythingjapanese.EverythingJapanese/]: Attempting to register block: hell_portal
[23May2025 18:08:08.004] [modloading-worker-0/INFO] [net.Chidoziealways.everythingjapanese.EverythingJapanese/]: Registering BlockItem for: hell_portal
[23May2025 18:08:08.004] [modloading-worker-0/DEBUG] [net.Chidoziealways.everythingjapanese.EverythingJapanese/]: Registering Blocks
[23May2025 18:08:08.009] [modloading-worker-0/INFO] [net.Chidoziealways.everythingjapanese.EverythingJapanese/]: REGISTERING EVERY SINGLE DATA COMPONENT IN MODDATACOMPONENTTYPES
[23May2025 18:08:08.015] [modloading-worker-0/DEBUG] [net.Chidoziealways.everythingjapanese.EverythingJapanese/]: Registering DataComponents
[23May2025 18:08:08.042] [modloading-worker-0/DEBUG] [net.Chidoziealways.everythingjapanese.EverythingJapanese/]: Registering Sounds
[23May2025 18:08:08.055] [modloading-worker-0/DEBUG] [net.Chidoziealways.everythingjapanese.EverythingJapanese/]: Registering Effects
[23May2025 18:08:08.055] [modloading-worker-0/INFO] [net.Chidoziealways.everythingjapanese.EverythingJapanese/]: REGISTERING EVERY SINGLE ITEM IN MODITEMS
[23May2025 18:08:08.055] [modloading-worker-0/DEBUG] [net.Chidoziealways.everythingjapanese.EverythingJapanese/]: Registering Items
[23May2025 18:08:08.070] [modloading-worker-0/INFO] [net.Chidoziealways.everythingjapanese.EverythingJapanese/]: REGISTERING EVERY SINGLE CREATIVEMODETAB IN MODCREATIVEMODETABS
[23May2025 18:08:08.070] [modloading-worker-0/DEBUG] [net.Chidoziealways.everythingjapanese.EverythingJapanese/]: Registering CreativeMode Tabs
[23May2025 18:08:08.075] [modloading-worker-0/DEBUG] [net.Chidoziealways.everythingjapanese.EverythingJapanese/]: Registering Potions
[23May2025 18:08:08.075] [modloading-worker-0/DEBUG] [net.Chidoziealways.everythingjapanese.EverythingJapanese/]: Registering Enchantment Effects
[23May2025 18:08:08.093] [modloading-worker-0/DEBUG] [net.Chidoziealways.everythingjapanese.EverythingJapanese/]: Registering Entities
[23May2025 18:08:08.100] [modloading-worker-0/DEBUG] [net.Chidoziealways.everythingjapanese.EverythingJapanese/]: Registering Villagers
[23May2025 18:08:08.103] [modloading-worker-0/DEBUG] [net.Chidoziealways.everythingjapanese.EverythingJapanese/]: Registering Particles
[23May2025 18:08:08.105] [modloading-worker-0/DEBUG] [net.Chidoziealways.everythingjapanese.EverythingJapanese/]: Registering LootModifiers
[23May2025 18:08:08.110] [modloading-worker-0/DEBUG] [net.Chidoziealways.everythingjapanese.EverythingJapanese/]: Registering Block Entities
[23May2025 18:08:08.115] [modloading-worker-0/DEBUG] [net.Chidoziealways.everythingjapanese.EverythingJapanese/]: Registering MenuTypes
[23May2025 18:08:08.125] [modloading-worker-0/DEBUG] [net.Chidoziealways.everythingjapanese.EverythingJapanese/]: Registering Recipes
[23May2025 18:08:08.125] [modloading-worker-0/DEBUG] [net.Chidoziealways.everythingjapanese.EverythingJapanese/]: Hello
[23May2025 18:08:08.134] [modloading-worker-0/DEBUG] [io.netty.util.internal.PlatformDependent0/]: -Dio.netty.noUnsafe: false
[23May2025 18:08:08.135] [modloading-worker-0/DEBUG] [io.netty.util.internal.PlatformDependent0/]: Java version: 21
[23May2025 18:08:08.135] [modloading-worker-0/DEBUG] [io.netty.util.internal.PlatformDependent0/]: sun.misc.Unsafe.theUnsafe: available
[23May2025 18:08:08.135] [modloading-worker-0/DEBUG] [io.netty.util.internal.PlatformDependent0/]: sun.misc.Unsafe base methods: all available
[23May2025 18:08:08.140] [modloading-worker-0/DEBUG] [io.netty.util.internal.PlatformDependent0/]: sun.misc.Unsafe.storeFence: available
[23May2025 18:08:08.140] [modloading-worker-0/DEBUG] [io.netty.util.internal.PlatformDependent0/]: java.nio.Buffer.address: available
[23May2025 18:08:08.140] [modloading-worker-0/DEBUG] [io.netty.util.internal.PlatformDependent0/]: direct buffer constructor: unavailable
java.lang.UnsupportedOperationException: Reflective setAccessible(true) disabled
	at SECURE-BOOTSTRAP/io.netty.common@4.1.118.Final/io.netty.util.internal.ReflectionUtil.trySetAccessible(ReflectionUtil.java:31) ~[netty-common-4.1.118.Final.jar:4.1.118.Final]
	at SECURE-BOOTSTRAP/io.netty.common@4.1.118.Final/io.netty.util.internal.PlatformDependent0$5.run(PlatformDependent0.java:332) ~[netty-common-4.1.118.Final.jar:4.1.118.Final]
	at java.base/java.security.AccessController.doPrivileged(AccessController.java:319) ~[?:?]
	at SECURE-BOOTSTRAP/io.netty.common@4.1.118.Final/io.netty.util.internal.PlatformDependent0.<clinit>(PlatformDependent0.java:325) ~[netty-common-4.1.118.Final.jar:4.1.118.Final]
	at SECURE-BOOTSTRAP/io.netty.common@4.1.118.Final/io.netty.util.internal.PlatformDependent.isAndroid(PlatformDependent.java:334) ~[netty-common-4.1.118.Final.jar:4.1.118.Final]
	at SECURE-BOOTSTRAP/io.netty.common@4.1.118.Final/io.netty.util.internal.PlatformDependent.<clinit>(PlatformDependent.java:90) ~[netty-common-4.1.118.Final.jar:4.1.118.Final]
	at SECURE-BOOTSTRAP/io.netty.common@4.1.118.Final/io.netty.util.ConstantPool.<init>(ConstantPool.java:34) ~[netty-common-4.1.118.Final.jar:4.1.118.Final]
	at SECURE-BOOTSTRAP/io.netty.common@4.1.118.Final/io.netty.util.AttributeKey$1.<init>(AttributeKey.java:27) ~[netty-common-4.1.118.Final.jar:4.1.118.Final]
	at SECURE-BOOTSTRAP/io.netty.common@4.1.118.Final/io.netty.util.AttributeKey.<clinit>(AttributeKey.java:27) ~[netty-common-4.1.118.Final.jar:4.1.118.Final]
	at TRANSFORMER/net.minecraftforge.forge@55.0.16/net.minecraftforge.network.NetworkInitialization.<clinit>(NetworkInitialization.java:27) ~[forge-1.21.5-55.0.16_mapped_parchment_2025.04.19-1.21.5-recomp.jar:?]
	at TRANSFORMER/net.minecraftforge.forge@55.0.16/net.minecraftforge.common.ForgeMod.<init>(ForgeMod.java:379) ~[forge-1.21.5-55.0.16_mapped_parchment_2025.04.19-1.21.5-recomp.jar:?]
	at java.base/jdk.internal.reflect.DirectConstructorHandleAccessor.newInstance(DirectConstructorHandleAccessor.java:62) ~[?:?]
	at java.base/java.lang.reflect.Constructor.newInstanceWithCaller(Constructor.java:502) ~[?:?]
	at java.base/java.lang.reflect.Constructor.newInstance(Constructor.java:486) ~[?:?]
	at LAYER PLUGIN/net.minecraftforge.javafmlmod@1.21.5-55.0.16/net.minecraftforge.fml.javafmlmod.FMLModContainer.constructMod(FMLModContainer.java:144) ~[javafmllanguage-1.21.5-55.0.16.jar!/:55.0.16]
	at LAYER PLUGIN/net.minecraftforge.fmlcore@1.21.5-55.0.16/net.minecraftforge.fml.ModStateTransitionHelper.lambda$addCompletableFutureTaskForModDispatch$5(ModStateTransitionHelper.java:117) ~[fmlcore-1.21.5-55.0.16.jar!/:1.0]
	at java.base/java.util.concurrent.CompletableFuture$UniRun.tryFire(CompletableFuture.java:787) [?:?]
	at java.base/java.util.concurrent.CompletableFuture$Completion.exec(CompletableFuture.java:483) [?:?]
	at java.base/java.util.concurrent.ForkJoinTask.doExec(ForkJoinTask.java:387) [?:?]
	at java.base/java.util.concurrent.ForkJoinPool$WorkQueue.topLevelExec(ForkJoinPool.java:1312) [?:?]
	at java.base/java.util.concurrent.ForkJoinPool.scan(ForkJoinPool.java:1843) [?:?]
	at java.base/java.util.concurrent.ForkJoinPool.runWorker(ForkJoinPool.java:1808) [?:?]
	at java.base/java.util.concurrent.ForkJoinWorkerThread.run(ForkJoinWorkerThread.java:188) [?:?]
[23May2025 18:08:08.197] [modloading-worker-0/DEBUG] [io.netty.util.internal.PlatformDependent0/]: java.nio.Bits.unaligned: available, true
[23May2025 18:08:08.199] [modloading-worker-0/DEBUG] [io.netty.util.internal.PlatformDependent0/]: jdk.internal.misc.Unsafe.allocateUninitializedArray(int): unavailable
java.lang.IllegalAccessException: class io.netty.util.internal.PlatformDependent0$7 (in module io.netty.common) cannot access class jdk.internal.misc.Unsafe (in module java.base) because module java.base does not export jdk.internal.misc to module io.netty.common
	at java.base/jdk.internal.reflect.Reflection.newIllegalAccessException(Reflection.java:394) ~[?:?]
	at java.base/java.lang.reflect.AccessibleObject.checkAccess(AccessibleObject.java:714) ~[?:?]
	at java.base/java.lang.reflect.Method.invoke(Method.java:571) ~[?:?]
	at SECURE-BOOTSTRAP/io.netty.common@4.1.118.Final/io.netty.util.internal.PlatformDependent0$7.run(PlatformDependent0.java:468) ~[netty-common-4.1.118.Final.jar:4.1.118.Final]
	at java.base/java.security.AccessController.doPrivileged(AccessController.java:319) ~[?:?]
	at SECURE-BOOTSTRAP/io.netty.common@4.1.118.Final/io.netty.util.internal.PlatformDependent0.<clinit>(PlatformDependent0.java:459) ~[netty-common-4.1.118.Final.jar:4.1.118.Final]
	at SECURE-BOOTSTRAP/io.netty.common@4.1.118.Final/io.netty.util.internal.PlatformDependent.isAndroid(PlatformDependent.java:334) ~[netty-common-4.1.118.Final.jar:4.1.118.Final]
	at SECURE-BOOTSTRAP/io.netty.common@4.1.118.Final/io.netty.util.internal.PlatformDependent.<clinit>(PlatformDependent.java:90) ~[netty-common-4.1.118.Final.jar:4.1.118.Final]
	at SECURE-BOOTSTRAP/io.netty.common@4.1.118.Final/io.netty.util.ConstantPool.<init>(ConstantPool.java:34) ~[netty-common-4.1.118.Final.jar:4.1.118.Final]
	at SECURE-BOOTSTRAP/io.netty.common@4.1.118.Final/io.netty.util.AttributeKey$1.<init>(AttributeKey.java:27) ~[netty-common-4.1.118.Final.jar:4.1.118.Final]
	at SECURE-BOOTSTRAP/io.netty.common@4.1.118.Final/io.netty.util.AttributeKey.<clinit>(AttributeKey.java:27) ~[netty-common-4.1.118.Final.jar:4.1.118.Final]
	at TRANSFORMER/net.minecraftforge.forge@55.0.16/net.minecraftforge.network.NetworkInitialization.<clinit>(NetworkInitialization.java:27) ~[forge-1.21.5-55.0.16_mapped_parchment_2025.04.19-1.21.5-recomp.jar:?]
	at TRANSFORMER/net.minecraftforge.forge@55.0.16/net.minecraftforge.common.ForgeMod.<init>(ForgeMod.java:379) ~[forge-1.21.5-55.0.16_mapped_parchment_2025.04.19-1.21.5-recomp.jar:?]
	at java.base/jdk.internal.reflect.DirectConstructorHandleAccessor.newInstance(DirectConstructorHandleAccessor.java:62) ~[?:?]
	at java.base/java.lang.reflect.Constructor.newInstanceWithCaller(Constructor.java:502) ~[?:?]
	at java.base/java.lang.reflect.Constructor.newInstance(Constructor.java:486) ~[?:?]
	at LAYER PLUGIN/net.minecraftforge.javafmlmod@1.21.5-55.0.16/net.minecraftforge.fml.javafmlmod.FMLModContainer.constructMod(FMLModContainer.java:144) ~[javafmllanguage-1.21.5-55.0.16.jar!/:55.0.16]
	at LAYER PLUGIN/net.minecraftforge.fmlcore@1.21.5-55.0.16/net.minecraftforge.fml.ModStateTransitionHelper.lambda$addCompletableFutureTaskForModDispatch$5(ModStateTransitionHelper.java:117) ~[fmlcore-1.21.5-55.0.16.jar!/:1.0]
	at java.base/java.util.concurrent.CompletableFuture$UniRun.tryFire(CompletableFuture.java:787) [?:?]
	at java.base/java.util.concurrent.CompletableFuture$Completion.exec(CompletableFuture.java:483) [?:?]
	at java.base/java.util.concurrent.ForkJoinTask.doExec(ForkJoinTask.java:387) [?:?]
	at java.base/java.util.concurrent.ForkJoinPool$WorkQueue.topLevelExec(ForkJoinPool.java:1312) [?:?]
	at java.base/java.util.concurrent.ForkJoinPool.scan(ForkJoinPool.java:1843) [?:?]
	at java.base/java.util.concurrent.ForkJoinPool.runWorker(ForkJoinPool.java:1808) [?:?]
	at java.base/java.util.concurrent.ForkJoinWorkerThread.run(ForkJoinWorkerThread.java:188) [?:?]
[23May2025 18:08:08.207] [modloading-worker-0/DEBUG] [io.netty.util.internal.PlatformDependent0/]: java.nio.DirectByteBuffer.<init>(long, {int,long}): unavailable
[23May2025 18:08:08.207] [modloading-worker-0/DEBUG] [io.netty.util.internal.PlatformDependent/]: sun.misc.Unsafe: available
[23May2025 18:08:08.207] [modloading-worker-0/DEBUG] [io.netty.util.internal.PlatformDependent/]: -Dio.netty.tmpdir: C:\Users\uzowu\AppData\Local\Temp (java.io.tmpdir)
[23May2025 18:08:08.207] [modloading-worker-0/DEBUG] [io.netty.util.internal.PlatformDependent/]: -Dio.netty.bitMode: 64 (sun.arch.data.model)
[23May2025 18:08:08.207] [modloading-worker-0/DEBUG] [io.netty.util.internal.PlatformDependent/]: Platform: Windows
[23May2025 18:08:08.210] [modloading-worker-0/DEBUG] [io.netty.util.internal.PlatformDependent/]: -Dio.netty.maxDirectMemory: -1 bytes
[23May2025 18:08:08.210] [modloading-worker-0/DEBUG] [io.netty.util.internal.PlatformDependent/]: -Dio.netty.uninitializedArrayAllocationThreshold: -1
[23May2025 18:08:08.210] [modloading-worker-0/DEBUG] [io.netty.util.internal.CleanerJava9/]: java.nio.ByteBuffer.cleaner(): available
[23May2025 18:08:08.217] [modloading-worker-0/DEBUG] [io.netty.util.internal.PlatformDependent/]: -Dio.netty.noPreferDirect: false
[23May2025 18:08:08.230] [modloading-worker-0/DEBUG] [net.minecraftforge.fml.config.ConfigTracker/CONFIG]: Config file everythingjapanese-common.toml for everythingjapanese tracking
[23May2025 18:08:08.230] [modloading-worker-0/DEBUG] [net.minecraftforge.fml.javafmlmod.AutomaticEventSubscriber/LOADING]: Attempting to inject @EventBusSubscriber classes into the eventbus for everythingjapanese
[23May2025 18:08:08.240] [modloading-worker-0/DEBUG] [net.minecraftforge.fml.javafmlmod.AutomaticEventSubscriber/LOADING]: Auto-subscribing net.Chidoziealways.everythingjapanese.capabilities.CapabilityAttacher to FORGE
[23May2025 18:08:08.240] [modloading-worker-0/DEBUG] [net.minecraftforge.fml.javafmlmod.AutomaticEventSubscriber/LOADING]: Auto-subscribing net.Chidoziealways.everythingjapanese.capabilities.PlayerEvents to FORGE
[23May2025 18:08:08.265] [modloading-worker-0/DEBUG] [net.minecraftforge.fml.javafmlmod.AutomaticEventSubscriber/LOADING]: Auto-subscribing net.Chidoziealways.everythingjapanese.chakra.ChakraRegenerationHandler to FORGE
[23May2025 18:08:08.265] [modloading-worker-0/DEBUG] [net.minecraftforge.fml.javafmlmod.AutomaticEventSubscriber/LOADING]: Auto-subscribing net.Chidoziealways.everythingjapanese.commands.comands.GetChakraCommand to FORGE
[23May2025 18:08:08.270] [modloading-worker-0/DEBUG] [net.minecraftforge.fml.javafmlmod.AutomaticEventSubscriber/LOADING]: Auto-subscribing net.Chidoziealways.everythingjapanese.commands.comands.LearnJutsuCommand to FORGE
[23May2025 18:08:08.277] [modloading-worker-0/DEBUG] [net.minecraftforge.fml.javafmlmod.AutomaticEventSubscriber/LOADING]: Auto-subscribing net.Chidoziealways.everythingjapanese.commands.comands.SetChakraCommand to FORGE
[23May2025 18:08:08.280] [modloading-worker-0/DEBUG] [net.minecraftforge.fml.javafmlmod.AutomaticEventSubscriber/LOADING]: Auto-subscribing net.Chidoziealways.everythingjapanese.Config to MOD
[23May2025 18:08:08.300] [modloading-worker-0/DEBUG] [net.minecraftforge.fml.javafmlmod.AutomaticEventSubscriber/LOADING]: Auto-subscribing net.Chidoziealways.everythingjapanese.datagen.DataGenerators to MOD
[23May2025 18:08:08.318] [modloading-worker-0/DEBUG] [net.minecraftforge.fml.javafmlmod.AutomaticEventSubscriber/LOADING]: Auto-subscribing net.Chidoziealways.everythingjapanese.event.ModClientEvents to FORGE
[23May2025 18:08:08.336] [modloading-worker-0/DEBUG] [net.minecraftforge.fml.javafmlmod.AutomaticEventSubscriber/LOADING]: Auto-subscribing net.Chidoziealways.everythingjapanese.event.ModEventBusEvents to MOD
[23May2025 18:08:08.358] [modloading-worker-0/DEBUG] [net.minecraftforge.fml.javafmlmod.AutomaticEventSubscriber/LOADING]: Auto-subscribing net.Chidoziealways.everythingjapanese.event.ModEvents to FORGE
[23May2025 18:08:08.368] [modloading-worker-0/DEBUG] [net.minecraftforge.network.NetworkInitialization/FORGE_NETWORK]: Registering Network forge:login v0
[23May2025 18:08:08.368] [modloading-worker-0/DEBUG] [net.minecraftforge.network.NetworkInitialization/FORGE_NETWORK]: Registering Network forge:handshake v0
[23May2025 18:08:08.376] [modloading-worker-0/DEBUG] [net.minecraftforge.network.NetworkInitialization/FORGE_NETWORK]: Registering Network forge:handshake v0
[23May2025 18:08:08.376] [modloading-worker-0/DEBUG] [net.minecraftforge.network.NetworkInitialization/FORGE_NETWORK]: Registering Network forge:channel_registration v0
[23May2025 18:08:08.459] [modloading-worker-0/DEBUG] [net.minecraftforge.fml.javafmlmod.AutomaticEventSubscriber/LOADING]: Auto-subscribing net.Chidoziealways.everythingjapanese.event.ModRegistryEvents to MOD
[23May2025 18:08:08.468] [modloading-worker-0/DEBUG] [net.minecraftforge.fml.config.ConfigTracker/CONFIG]: Config file forge-client.toml for forge tracking
[23May2025 18:08:08.475] [modloading-worker-0/DEBUG] [net.minecraftforge.fml.config.ConfigTracker/CONFIG]: Config file forge-server.toml for forge tracking
[23May2025 18:08:08.475] [modloading-worker-0/DEBUG] [net.minecraftforge.fml.config.ConfigTracker/CONFIG]: Config file forge-common.toml for forge tracking
[23May2025 18:08:08.475] [modloading-worker-0/DEBUG] [net.minecraftforge.fml.javafmlmod.AutomaticEventSubscriber/LOADING]: Auto-subscribing net.Chidoziealways.everythingjapanese.EverythingJapanese$ClientModEvents to MOD
[23May2025 18:08:08.500] [modloading-worker-0/DEBUG] [net.minecraftforge.fml.javafmlmod.AutomaticEventSubscriber/LOADING]: Auto-subscribing net.Chidoziealways.everythingjapanese.item.ToolTipEventHandler to FORGE
[23May2025 18:08:08.500] [modloading-worker-0/DEBUG] [net.minecraftforge.fml.javafmlmod.AutomaticEventSubscriber/LOADING]: Auto-subscribing net.Chidoziealways.everythingjapanese.util.KeyPressHandler to FORGE
[23May2025 18:08:08.540] [modloading-worker-0/DEBUG] [net.minecraftforge.fml.javafmlmod.AutomaticEventSubscriber/LOADING]: Auto-subscribing net.Chidoziealways.everythingjapanese.util.ModKeyBinds to MOD
[23May2025 18:08:08.545] [modloading-worker-0/DEBUG] [net.minecraftforge.fml.javafmlmod.AutomaticEventSubscriber/LOADING]: Attempting to inject @EventBusSubscriber classes into the eventbus for forge
[23May2025 18:08:08.545] [modloading-worker-0/DEBUG] [net.minecraftforge.fml.javafmlmod.AutomaticEventSubscriber/LOADING]: Auto-subscribing net.minecraftforge.client.model.data.ModelDataManager to FORGE
[23May2025 18:08:08.550] [modloading-worker-0/DEBUG] [net.minecraftforge.fml.javafmlmod.AutomaticEventSubscriber/LOADING]: Auto-subscribing net.minecraftforge.client.ClientForgeMod to MOD
[23May2025 18:08:08.575] [main/INFO] [net.Chidoziealways.everythingjapanese.event.ModRegistryEvents/MODREGISTRYEVENTS]: Registering Custom Registries
[23May2025 18:08:08.579] [main/INFO] [net.Chidoziealways.everythingjapanese.event.ModRegistryEvents/MODREGISTRYEVENTS]: Finished Registering Jutsu
[23May2025 18:08:08.646] [main/DEBUG] [net.minecraftforge.registries.ObjectHolderRegistry/REGISTRIES]: Processing ObjectHolder annotations
[23May2025 18:08:08.675] [main/DEBUG] [net.minecraftforge.common.capabilities.CapabilityManager/CAPABILITIES]: Attempting to automatically register: Lnet/Chidoziealways/everythingjapanese/chakra/IChakra;
[23May2025 18:08:08.685] [main/DEBUG] [net.minecraftforge.common.capabilities.CapabilityManager/CAPABILITIES]: Attempting to automatically register: Lnet/minecraftforge/energy/IEnergyStorage;
[23May2025 18:08:08.685] [main/DEBUG] [net.minecraftforge.common.capabilities.CapabilityManager/CAPABILITIES]: Attempting to automatically register: Lnet/minecraftforge/fluids/capability/IFluidHandler;
[23May2025 18:08:08.695] [main/DEBUG] [net.minecraftforge.common.capabilities.CapabilityManager/CAPABILITIES]: Attempting to automatically register: Lnet/minecraftforge/fluids/capability/IFluidHandlerItem;
[23May2025 18:08:08.695] [main/DEBUG] [net.minecraftforge.common.capabilities.CapabilityManager/CAPABILITIES]: Attempting to automatically register: Lnet/minecraftforge/items/IItemHandler;
[23May2025 18:08:08.695] [main/DEBUG] [net.minecraftforge.registries.GameData/REGISTRIES]: Unfreezing vanilla registries
[23May2025 18:08:08.710] [main/DEBUG] [net.minecraftforge.registries.GameData/REGISTRIES]: Applying holder lookups: minecraft:sound_event
[23May2025 18:08:08.711] [main/DEBUG] [net.minecraftforge.registries.GameData/REGISTRIES]: Holder lookups applied: minecraft:sound_event
[23May2025 18:08:08.711] [main/DEBUG] [net.minecraftforge.registries.GameData/REGISTRIES]: Applying holder lookups: minecraft:fluid
[23May2025 18:08:08.713] [main/DEBUG] [net.minecraftforge.registries.GameData/REGISTRIES]: Holder lookups applied: minecraft:fluid
[23May2025 18:08:08.713] [main/DEBUG] [net.minecraftforge.registries.GameData/REGISTRIES]: Applying holder lookups: minecraft:particle_type
[23May2025 18:08:08.715] [main/DEBUG] [net.minecraftforge.registries.GameData/REGISTRIES]: Holder lookups applied: minecraft:particle_type
[23May2025 18:08:08.715] [main/DEBUG] [net.minecraftforge.registries.GameData/REGISTRIES]: Applying holder lookups: minecraft:attribute
[23May2025 18:08:08.715] [main/DEBUG] [net.minecraftforge.registries.GameData/REGISTRIES]: Holder lookups applied: minecraft:attribute
[23May2025 18:08:08.715] [main/DEBUG] [net.minecraftforge.registries.GameData/REGISTRIES]: Applying holder lookups: minecraft:mob_effect
[23May2025 18:08:08.715] [main/DEBUG] [net.minecraftforge.registries.GameData/REGISTRIES]: Holder lookups applied: minecraft:mob_effect
[23May2025 18:08:08.915] [main/DEBUG] [net.minecraftforge.registries.GameData/REGISTRIES]: Applying holder lookups: minecraft:block
[23May2025 18:08:08.915] [main/DEBUG] [net.minecraftforge.registries.GameData/REGISTRIES]: Holder lookups applied: minecraft:block
[23May2025 18:08:08.915] [main/DEBUG] [net.minecraftforge.registries.GameData/REGISTRIES]: Applying holder lookups: minecraft:enchantment_effect_component_type
[23May2025 18:08:08.920] [main/DEBUG] [net.minecraftforge.registries.GameData/REGISTRIES]: Holder lookups applied: minecraft:enchantment_effect_component_type
[23May2025 18:08:08.920] [main/DEBUG] [net.minecraftforge.registries.GameData/REGISTRIES]: Applying holder lookups: minecraft:loot_score_provider_type
[23May2025 18:08:08.920] [main/DEBUG] [net.minecraftforge.registries.GameData/REGISTRIES]: Holder lookups applied: minecraft:loot_score_provider_type
[23May2025 18:08:08.920] [main/DEBUG] [net.minecraftforge.registries.GameData/REGISTRIES]: Applying holder lookups: minecraft:loot_number_provider_type
[23May2025 18:08:08.920] [main/DEBUG] [net.minecraftforge.registries.GameData/REGISTRIES]: Holder lookups applied: minecraft:loot_number_provider_type
[23May2025 18:08:08.920] [main/DEBUG] [net.minecraftforge.registries.GameData/REGISTRIES]: Applying holder lookups: minecraft:map_decoration_type
[23May2025 18:08:08.920] [main/DEBUG] [net.minecraftforge.registries.GameData/REGISTRIES]: Holder lookups applied: minecraft:map_decoration_type
[23May2025 18:08:08.920] [main/DEBUG] [net.minecraftforge.registries.GameData/REGISTRIES]: Applying holder lookups: minecraft:loot_pool_entry_type
[23May2025 18:08:08.920] [main/DEBUG] [net.minecraftforge.registries.GameData/REGISTRIES]: Holder lookups applied: minecraft:loot_pool_entry_type
[23May2025 18:08:08.924] [main/DEBUG] [net.minecraftforge.registries.GameData/REGISTRIES]: Applying holder lookups: minecraft:loot_nbt_provider_type
[23May2025 18:08:08.925] [main/DEBUG] [net.minecraftforge.registries.GameData/REGISTRIES]: Holder lookups applied: minecraft:loot_nbt_provider_type
[23May2025 18:08:08.925] [main/DEBUG] [net.minecraftforge.registries.GameData/REGISTRIES]: Applying holder lookups: minecraft:loot_function_type
[23May2025 18:08:08.926] [main/DEBUG] [net.minecraftforge.registries.GameData/REGISTRIES]: Holder lookups applied: minecraft:loot_function_type
[23May2025 18:08:08.927] [main/DEBUG] [net.minecraftforge.registries.GameData/REGISTRIES]: Applying holder lookups: minecraft:data_component_type
[23May2025 18:08:08.927] [main/DEBUG] [net.minecraftforge.registries.GameData/REGISTRIES]: Holder lookups applied: minecraft:data_component_type
[23May2025 18:08:08.954] [main/DEBUG] [net.minecraftforge.registries.GameData/REGISTRIES]: Applying holder lookups: minecraft:entity_type
[23May2025 18:08:08.954] [main/DEBUG] [net.minecraftforge.registries.GameData/REGISTRIES]: Holder lookups applied: minecraft:entity_type
[23May2025 18:08:08.976] [main/DEBUG] [net.minecraftforge.registries.GameData/REGISTRIES]: Applying holder lookups: minecraft:item
[23May2025 18:08:08.976] [main/DEBUG] [net.minecraftforge.registries.GameData/REGISTRIES]: Holder lookups applied: minecraft:item
[23May2025 18:08:08.976] [main/DEBUG] [net.minecraftforge.registries.GameData/REGISTRIES]: Applying holder lookups: minecraft:game_event
[23May2025 18:08:08.976] [main/DEBUG] [net.minecraftforge.registries.GameData/REGISTRIES]: Holder lookups applied: minecraft:game_event
[23May2025 18:08:08.976] [main/DEBUG] [net.minecraftforge.registries.GameData/REGISTRIES]: Applying holder lookups: minecraft:potion
[23May2025 18:08:08.976] [main/DEBUG] [net.minecraftforge.registries.GameData/REGISTRIES]: Holder lookups applied: minecraft:potion
[23May2025 18:08:08.984] [main/WARN] [net.minecraftforge.registries.ForgeRegistry/REGISTRIES]: Registry minecraft:block_entity_type: The object net.minecraft.world.level.block.entity.BlockEntityType@4dea8205 has been registered twice for the same name everythingjapanese:pedestal_be.
[23May2025 18:08:08.986] [main/WARN] [net.minecraftforge.registries.ForgeRegistry/REGISTRIES]: Registry minecraft:block_entity_type: The object net.minecraft.world.level.block.entity.BlockEntityType@2ff35904 has been registered twice for the same name everythingjapanese:growth_chamber_be.
[23May2025 18:08:08.986] [main/DEBUG] [net.minecraftforge.registries.GameData/REGISTRIES]: Applying holder lookups: minecraft:block_entity_type
[23May2025 18:08:08.986] [main/DEBUG] [net.minecraftforge.registries.GameData/REGISTRIES]: Holder lookups applied: minecraft:block_entity_type
[23May2025 18:08:08.986] [main/DEBUG] [net.minecraftforge.registries.GameData/REGISTRIES]: Applying holder lookups: minecraft:stat_type
[23May2025 18:08:08.986] [main/DEBUG] [net.minecraftforge.registries.GameData/REGISTRIES]: Holder lookups applied: minecraft:stat_type
[23May2025 18:08:08.986] [main/DEBUG] [net.minecraftforge.registries.GameData/REGISTRIES]: Applying holder lookups: minecraft:custom_stat
[23May2025 18:08:08.986] [main/DEBUG] [net.minecraftforge.registries.GameData/REGISTRIES]: Holder lookups applied: minecraft:custom_stat
[23May2025 18:08:08.986] [main/DEBUG] [net.minecraftforge.registries.GameData/REGISTRIES]: Applying holder lookups: minecraft:chunk_status
[23May2025 18:08:08.986] [main/DEBUG] [net.minecraftforge.registries.GameData/REGISTRIES]: Holder lookups applied: minecraft:chunk_status
[23May2025 18:08:08.986] [main/DEBUG] [net.minecraftforge.registries.GameData/REGISTRIES]: Applying holder lookups: minecraft:rule_test
[23May2025 18:08:08.986] [main/DEBUG] [net.minecraftforge.registries.GameData/REGISTRIES]: Holder lookups applied: minecraft:rule_test
[23May2025 18:08:08.986] [main/DEBUG] [net.minecraftforge.registries.GameData/REGISTRIES]: Applying holder lookups: minecraft:rule_block_entity_modifier
[23May2025 18:08:08.986] [main/DEBUG] [net.minecraftforge.registries.GameData/REGISTRIES]: Holder lookups applied: minecraft:rule_block_entity_modifier
[23May2025 18:08:08.986] [main/DEBUG] [net.minecraftforge.registries.GameData/REGISTRIES]: Applying holder lookups: minecraft:pos_rule_test
[23May2025 18:08:08.986] [main/DEBUG] [net.minecraftforge.registries.GameData/REGISTRIES]: Holder lookups applied: minecraft:pos_rule_test
[23May2025 18:08:08.994] [main/DEBUG] [net.minecraftforge.registries.GameData/REGISTRIES]: Applying holder lookups: minecraft:menu
[23May2025 18:08:08.995] [main/DEBUG] [net.minecraftforge.registries.GameData/REGISTRIES]: Holder lookups applied: minecraft:menu
[23May2025 18:08:08.996] [main/DEBUG] [net.minecraftforge.registries.GameData/REGISTRIES]: Applying holder lookups: minecraft:recipe_type
[23May2025 18:08:08.996] [main/DEBUG] [net.minecraftforge.registries.GameData/REGISTRIES]: Holder lookups applied: minecraft:recipe_type
[23May2025 18:08:09.012] [main/DEBUG] [net.minecraftforge.registries.GameData/REGISTRIES]: Applying holder lookups: minecraft:recipe_serializer
[23May2025 18:08:09.012] [main/DEBUG] [net.minecraftforge.registries.GameData/REGISTRIES]: Holder lookups applied: minecraft:recipe_serializer
[23May2025 18:08:09.012] [main/DEBUG] [net.minecraftforge.registries.GameData/REGISTRIES]: Applying holder lookups: minecraft:position_source_type
[23May2025 18:08:09.012] [main/DEBUG] [net.minecraftforge.registries.GameData/REGISTRIES]: Holder lookups applied: minecraft:position_source_type
[23May2025 18:08:09.016] [main/DEBUG] [net.minecraftforge.registries.GameData/REGISTRIES]: Applying holder lookups: minecraft:command_argument_type
[23May2025 18:08:09.016] [main/DEBUG] [net.minecraftforge.registries.GameData/REGISTRIES]: Holder lookups applied: minecraft:command_argument_type
[23May2025 18:08:09.016] [main/DEBUG] [net.minecraftforge.registries.GameData/REGISTRIES]: Applying holder lookups: minecraft:villager_type
[23May2025 18:08:09.016] [main/DEBUG] [net.minecraftforge.registries.GameData/REGISTRIES]: Holder lookups applied: minecraft:villager_type
[23May2025 18:08:09.016] [main/DEBUG] [net.minecraftforge.registries.GameData/REGISTRIES]: Applying holder lookups: minecraft:villager_profession
[23May2025 18:08:09.016] [main/DEBUG] [net.minecraftforge.registries.GameData/REGISTRIES]: Holder lookups applied: minecraft:villager_profession
[23May2025 18:08:09.016] [main/DEBUG] [net.minecraftforge.registries.GameData/REGISTRIES]: Applying holder lookups: minecraft:point_of_interest_type
[23May2025 18:08:09.016] [main/DEBUG] [net.minecraftforge.registries.GameData/REGISTRIES]: Holder lookups applied: minecraft:point_of_interest_type
[23May2025 18:08:09.016] [main/DEBUG] [net.minecraftforge.registries.GameData/REGISTRIES]: Applying holder lookups: minecraft:memory_module_type
[23May2025 18:08:09.016] [main/DEBUG] [net.minecraftforge.registries.GameData/REGISTRIES]: Holder lookups applied: minecraft:memory_module_type
[23May2025 18:08:09.016] [main/DEBUG] [net.minecraftforge.registries.GameData/REGISTRIES]: Applying holder lookups: minecraft:sensor_type
[23May2025 18:08:09.026] [main/DEBUG] [net.minecraftforge.registries.GameData/REGISTRIES]: Holder lookups applied: minecraft:sensor_type
[23May2025 18:08:09.030] [main/DEBUG] [net.minecraftforge.registries.GameData/REGISTRIES]: Applying holder lookups: minecraft:activity
[23May2025 18:08:09.030] [main/DEBUG] [net.minecraftforge.registries.GameData/REGISTRIES]: Holder lookups applied: minecraft:activity
[23May2025 18:08:09.035] [main/DEBUG] [net.minecraftforge.registries.GameData/REGISTRIES]: Applying holder lookups: minecraft:schedule
[23May2025 18:08:09.037] [main/DEBUG] [net.minecraftforge.registries.GameData/REGISTRIES]: Holder lookups applied: minecraft:schedule
[23May2025 18:08:09.045] [main/DEBUG] [net.minecraftforge.registries.GameData/REGISTRIES]: Applying holder lookups: minecraft:loot_condition_type
[23May2025 18:08:09.047] [main/DEBUG] [net.minecraftforge.registries.GameData/REGISTRIES]: Holder lookups applied: minecraft:loot_condition_type
[23May2025 18:08:09.047] [main/DEBUG] [net.minecraftforge.registries.GameData/REGISTRIES]: Applying holder lookups: minecraft:float_provider_type
[23May2025 18:08:09.047] [main/DEBUG] [net.minecraftforge.registries.GameData/REGISTRIES]: Holder lookups applied: minecraft:float_provider_type
[23May2025 18:08:09.050] [main/DEBUG] [net.minecraftforge.registries.GameData/REGISTRIES]: Applying holder lookups: minecraft:int_provider_type
[23May2025 18:08:09.050] [main/DEBUG] [net.minecraftforge.registries.GameData/REGISTRIES]: Holder lookups applied: minecraft:int_provider_type
[23May2025 18:08:09.050] [main/DEBUG] [net.minecraftforge.registries.GameData/REGISTRIES]: Applying holder lookups: minecraft:height_provider_type
[23May2025 18:08:09.050] [main/DEBUG] [net.minecraftforge.registries.GameData/REGISTRIES]: Holder lookups applied: minecraft:height_provider_type
[23May2025 18:08:09.050] [main/DEBUG] [net.minecraftforge.registries.GameData/REGISTRIES]: Applying holder lookups: minecraft:block_predicate_type
[23May2025 18:08:09.050] [main/DEBUG] [net.minecraftforge.registries.GameData/REGISTRIES]: Holder lookups applied: minecraft:block_predicate_type
[23May2025 18:08:09.050] [main/DEBUG] [net.minecraftforge.registries.GameData/REGISTRIES]: Applying holder lookups: minecraft:worldgen/carver
[23May2025 18:08:09.050] [main/DEBUG] [net.minecraftforge.registries.GameData/REGISTRIES]: Holder lookups applied: minecraft:worldgen/carver
[23May2025 18:08:09.050] [main/DEBUG] [net.minecraftforge.registries.GameData/REGISTRIES]: Applying holder lookups: minecraft:worldgen/structure_processor
[23May2025 18:08:09.055] [main/DEBUG] [net.minecraftforge.registries.GameData/REGISTRIES]: Holder lookups applied: minecraft:worldgen/structure_processor
[23May2025 18:08:09.055] [main/DEBUG] [net.minecraftforge.registries.GameData/REGISTRIES]: Applying holder lookups: minecraft:worldgen/feature
[23May2025 18:08:09.057] [main/DEBUG] [net.minecraftforge.registries.GameData/REGISTRIES]: Holder lookups applied: minecraft:worldgen/feature
[23May2025 18:08:09.057] [main/DEBUG] [net.minecraftforge.registries.GameData/REGISTRIES]: Applying holder lookups: minecraft:worldgen/structure_placement
[23May2025 18:08:09.057] [main/DEBUG] [net.minecraftforge.registries.GameData/REGISTRIES]: Holder lookups applied: minecraft:worldgen/structure_placement
[23May2025 18:08:09.057] [main/DEBUG] [net.minecraftforge.registries.GameData/REGISTRIES]: Applying holder lookups: minecraft:worldgen/structure_piece
[23May2025 18:08:09.060] [main/DEBUG] [net.minecraftforge.registries.GameData/REGISTRIES]: Holder lookups applied: minecraft:worldgen/structure_piece
[23May2025 18:08:09.060] [main/DEBUG] [net.minecraftforge.registries.GameData/REGISTRIES]: Applying holder lookups: minecraft:worldgen/structure_type
[23May2025 18:08:09.060] [main/DEBUG] [net.minecraftforge.registries.GameData/REGISTRIES]: Holder lookups applied: minecraft:worldgen/structure_type
[23May2025 18:08:09.060] [main/DEBUG] [net.minecraftforge.registries.GameData/REGISTRIES]: Applying holder lookups: minecraft:worldgen/placement_modifier_type
[23May2025 18:08:09.060] [main/DEBUG] [net.minecraftforge.registries.GameData/REGISTRIES]: Holder lookups applied: minecraft:worldgen/placement_modifier_type
[23May2025 18:08:09.060] [main/DEBUG] [net.minecraftforge.registries.GameData/REGISTRIES]: Applying holder lookups: minecraft:worldgen/block_state_provider_type
[23May2025 18:08:09.065] [main/DEBUG] [net.minecraftforge.registries.GameData/REGISTRIES]: Holder lookups applied: minecraft:worldgen/block_state_provider_type
[23May2025 18:08:09.065] [main/DEBUG] [net.minecraftforge.registries.GameData/REGISTRIES]: Applying holder lookups: minecraft:worldgen/foliage_placer_type
[23May2025 18:08:09.070] [main/DEBUG] [net.minecraftforge.registries.GameData/REGISTRIES]: Holder lookups applied: minecraft:worldgen/foliage_placer_type
[23May2025 18:08:09.070] [main/DEBUG] [net.minecraftforge.registries.GameData/REGISTRIES]: Applying holder lookups: minecraft:worldgen/trunk_placer_type
[23May2025 18:08:09.070] [main/DEBUG] [net.minecraftforge.registries.GameData/REGISTRIES]: Holder lookups applied: minecraft:worldgen/trunk_placer_type
[23May2025 18:08:09.070] [main/DEBUG] [net.minecraftforge.registries.GameData/REGISTRIES]: Applying holder lookups: minecraft:worldgen/root_placer_type
[23May2025 18:08:09.070] [main/DEBUG] [net.minecraftforge.registries.GameData/REGISTRIES]: Holder lookups applied: minecraft:worldgen/root_placer_type
[23May2025 18:08:09.090] [main/DEBUG] [net.minecraftforge.registries.GameData/REGISTRIES]: Applying holder lookups: minecraft:worldgen/tree_decorator_type
[23May2025 18:08:09.095] [main/DEBUG] [net.minecraftforge.registries.GameData/REGISTRIES]: Holder lookups applied: minecraft:worldgen/tree_decorator_type
[23May2025 18:08:09.095] [main/DEBUG] [net.minecraftforge.registries.GameData/REGISTRIES]: Applying holder lookups: minecraft:worldgen/feature_size_type
[23May2025 18:08:09.097] [main/DEBUG] [net.minecraftforge.registries.GameData/REGISTRIES]: Holder lookups applied: minecraft:worldgen/feature_size_type
[23May2025 18:08:09.097] [main/DEBUG] [net.minecraftforge.registries.GameData/REGISTRIES]: Applying holder lookups: minecraft:worldgen/biome_source
[23May2025 18:08:09.097] [main/DEBUG] [net.minecraftforge.registries.GameData/REGISTRIES]: Holder lookups applied: minecraft:worldgen/biome_source
[23May2025 18:08:09.097] [main/DEBUG] [net.minecraftforge.registries.GameData/REGISTRIES]: Applying holder lookups: minecraft:worldgen/chunk_generator
[23May2025 18:08:09.100] [main/DEBUG] [net.minecraftforge.registries.GameData/REGISTRIES]: Holder lookups applied: minecraft:worldgen/chunk_generator
[23May2025 18:08:09.100] [main/DEBUG] [net.minecraftforge.registries.GameData/REGISTRIES]: Applying holder lookups: minecraft:worldgen/material_condition
[23May2025 18:08:09.100] [main/DEBUG] [net.minecraftforge.registries.GameData/REGISTRIES]: Holder lookups applied: minecraft:worldgen/material_condition
[23May2025 18:08:09.136] [main/DEBUG] [net.minecraftforge.registries.GameData/REGISTRIES]: Applying holder lookups: minecraft:worldgen/material_rule
[23May2025 18:08:09.138] [main/DEBUG] [net.minecraftforge.registries.GameData/REGISTRIES]: Holder lookups applied: minecraft:worldgen/material_rule
[23May2025 18:08:09.138] [main/DEBUG] [net.minecraftforge.registries.GameData/REGISTRIES]: Applying holder lookups: minecraft:worldgen/density_function_type
[23May2025 18:08:09.138] [main/DEBUG] [net.minecraftforge.registries.GameData/REGISTRIES]: Holder lookups applied: minecraft:worldgen/density_function_type
[23May2025 18:08:09.138] [main/DEBUG] [net.minecraftforge.registries.GameData/REGISTRIES]: Applying holder lookups: minecraft:block_type
[23May2025 18:08:09.138] [main/DEBUG] [net.minecraftforge.registries.GameData/REGISTRIES]: Holder lookups applied: minecraft:block_type
[23May2025 18:08:09.138] [main/DEBUG] [net.minecraftforge.registries.GameData/REGISTRIES]: Applying holder lookups: minecraft:worldgen/structure_pool_element
[23May2025 18:08:09.138] [main/DEBUG] [net.minecraftforge.registries.GameData/REGISTRIES]: Holder lookups applied: minecraft:worldgen/structure_pool_element
[23May2025 18:08:09.138] [main/DEBUG] [net.minecraftforge.registries.GameData/REGISTRIES]: Applying holder lookups: minecraft:worldgen/pool_alias_binding
[23May2025 18:08:09.138] [main/DEBUG] [net.minecraftforge.registries.GameData/REGISTRIES]: Holder lookups applied: minecraft:worldgen/pool_alias_binding
[23May2025 18:08:09.138] [main/DEBUG] [net.minecraftforge.registries.GameData/REGISTRIES]: Applying holder lookups: minecraft:decorated_pot_pattern
[23May2025 18:08:09.138] [main/DEBUG] [net.minecraftforge.registries.GameData/REGISTRIES]: Holder lookups applied: minecraft:decorated_pot_pattern
[23May2025 18:08:09.165] [main/DEBUG] [net.minecraftforge.registries.GameData/REGISTRIES]: Applying holder lookups: minecraft:creative_mode_tab
[23May2025 18:08:09.166] [main/DEBUG] [net.minecraftforge.registries.GameData/REGISTRIES]: Holder lookups applied: minecraft:creative_mode_tab
[23May2025 18:08:09.166] [main/DEBUG] [net.minecraftforge.registries.GameData/REGISTRIES]: Applying holder lookups: minecraft:trigger_type
[23May2025 18:08:09.166] [main/DEBUG] [net.minecraftforge.registries.GameData/REGISTRIES]: Holder lookups applied: minecraft:trigger_type
[23May2025 18:08:09.166] [main/DEBUG] [net.minecraftforge.registries.GameData/REGISTRIES]: Applying holder lookups: minecraft:number_format_type
[23May2025 18:08:09.168] [main/DEBUG] [net.minecraftforge.registries.GameData/REGISTRIES]: Holder lookups applied: minecraft:number_format_type
[23May2025 18:08:09.168] [main/DEBUG] [net.minecraftforge.registries.GameData/REGISTRIES]: Applying holder lookups: minecraft:entity_sub_predicate_type
[23May2025 18:08:09.168] [main/DEBUG] [net.minecraftforge.registries.GameData/REGISTRIES]: Holder lookups applied: minecraft:entity_sub_predicate_type
[23May2025 18:08:09.168] [main/DEBUG] [net.minecraftforge.registries.GameData/REGISTRIES]: Applying holder lookups: minecraft:data_component_predicate_type
[23May2025 18:08:09.168] [main/DEBUG] [net.minecraftforge.registries.GameData/REGISTRIES]: Holder lookups applied: minecraft:data_component_predicate_type
[23May2025 18:08:09.168] [main/DEBUG] [net.minecraftforge.registries.GameData/REGISTRIES]: Applying holder lookups: minecraft:enchantment_level_based_value_type
[23May2025 18:08:09.168] [main/DEBUG] [net.minecraftforge.registries.GameData/REGISTRIES]: Holder lookups applied: minecraft:enchantment_level_based_value_type
[23May2025 18:08:09.168] [main/DEBUG] [net.minecraftforge.registries.GameData/REGISTRIES]: Applying holder lookups: minecraft:enchantment_entity_effect_type
[23May2025 18:08:09.168] [main/DEBUG] [net.minecraftforge.registries.GameData/REGISTRIES]: Holder lookups applied: minecraft:enchantment_entity_effect_type
[23May2025 18:08:09.168] [main/DEBUG] [net.minecraftforge.registries.GameData/REGISTRIES]: Applying holder lookups: minecraft:enchantment_location_based_effect_type
[23May2025 18:08:09.168] [main/DEBUG] [net.minecraftforge.registries.GameData/REGISTRIES]: Holder lookups applied: minecraft:enchantment_location_based_effect_type
[23May2025 18:08:09.168] [main/DEBUG] [net.minecraftforge.registries.GameData/REGISTRIES]: Applying holder lookups: minecraft:enchantment_value_effect_type
[23May2025 18:08:09.175] [main/DEBUG] [net.minecraftforge.registries.GameData/REGISTRIES]: Holder lookups applied: minecraft:enchantment_value_effect_type
[23May2025 18:08:09.175] [main/DEBUG] [net.minecraftforge.registries.GameData/REGISTRIES]: Applying holder lookups: minecraft:enchantment_provider_type
[23May2025 18:08:09.177] [main/DEBUG] [net.minecraftforge.registries.GameData/REGISTRIES]: Holder lookups applied: minecraft:enchantment_provider_type
[23May2025 18:08:09.177] [main/DEBUG] [net.minecraftforge.registries.GameData/REGISTRIES]: Applying holder lookups: minecraft:consume_effect_type
[23May2025 18:08:09.177] [main/DEBUG] [net.minecraftforge.registries.GameData/REGISTRIES]: Holder lookups applied: minecraft:consume_effect_type
[23May2025 18:08:09.177] [main/DEBUG] [net.minecraftforge.registries.GameData/REGISTRIES]: Applying holder lookups: minecraft:recipe_display
[23May2025 18:08:09.177] [main/DEBUG] [net.minecraftforge.registries.GameData/REGISTRIES]: Holder lookups applied: minecraft:recipe_display
[23May2025 18:08:09.179] [main/DEBUG] [net.minecraftforge.registries.GameData/REGISTRIES]: Applying holder lookups: minecraft:slot_display
[23May2025 18:08:09.179] [main/DEBUG] [net.minecraftforge.registries.GameData/REGISTRIES]: Holder lookups applied: minecraft:slot_display
[23May2025 18:08:09.179] [main/DEBUG] [net.minecraftforge.registries.GameData/REGISTRIES]: Applying holder lookups: minecraft:recipe_book_category
[23May2025 18:08:09.179] [main/DEBUG] [net.minecraftforge.registries.GameData/REGISTRIES]: Holder lookups applied: minecraft:recipe_book_category
[23May2025 18:08:09.179] [main/DEBUG] [net.minecraftforge.registries.GameData/REGISTRIES]: Applying holder lookups: minecraft:ticket_type
[23May2025 18:08:09.179] [main/DEBUG] [net.minecraftforge.registries.GameData/REGISTRIES]: Holder lookups applied: minecraft:ticket_type
[23May2025 18:08:09.179] [main/DEBUG] [net.minecraftforge.registries.GameData/REGISTRIES]: Applying holder lookups: minecraft:test_environment_definition_type
[23May2025 18:08:09.179] [main/DEBUG] [net.minecraftforge.registries.GameData/REGISTRIES]: Holder lookups applied: minecraft:test_environment_definition_type
[23May2025 18:08:09.179] [main/DEBUG] [net.minecraftforge.registries.GameData/REGISTRIES]: Applying holder lookups: minecraft:test_instance_type
[23May2025 18:08:09.179] [main/DEBUG] [net.minecraftforge.registries.GameData/REGISTRIES]: Holder lookups applied: minecraft:test_instance_type
[23May2025 18:08:09.179] [main/DEBUG] [net.minecraftforge.registries.GameData/REGISTRIES]: Applying holder lookups: minecraft:spawn_condition_type
[23May2025 18:08:09.185] [main/DEBUG] [net.minecraftforge.registries.GameData/REGISTRIES]: Holder lookups applied: minecraft:spawn_condition_type
[23May2025 18:08:09.185] [main/DEBUG] [net.minecraftforge.registries.GameData/REGISTRIES]: Applying holder lookups: minecraft:test_function
[23May2025 18:08:09.187] [main/DEBUG] [net.minecraftforge.registries.GameData/REGISTRIES]: Holder lookups applied: minecraft:test_function
[23May2025 18:08:09.189] [main/DEBUG] [net.minecraftforge.registries.GameData/REGISTRIES]: Applying holder lookups: everythingjapanese:jutsu
[23May2025 18:08:09.199] [main/DEBUG] [net.minecraftforge.registries.GameData/REGISTRIES]: Holder lookups applied: everythingjapanese:jutsu
[23May2025 18:08:09.230] [main/DEBUG] [net.minecraftforge.registries.GameData/REGISTRIES]: Applying holder lookups: forge:biome_modifier_serializers
[23May2025 18:08:09.230] [main/DEBUG] [net.minecraftforge.registries.GameData/REGISTRIES]: Holder lookups applied: forge:biome_modifier_serializers
[23May2025 18:08:09.331] [main/DEBUG] [net.minecraftforge.registries.GameData/REGISTRIES]: Applying holder lookups: forge:condition_codecs
[23May2025 18:08:09.335] [main/DEBUG] [net.minecraftforge.registries.GameData/REGISTRIES]: Holder lookups applied: forge:condition_codecs
[23May2025 18:08:09.339] [main/DEBUG] [net.minecraftforge.registries.GameData/REGISTRIES]: Applying holder lookups: forge:display_contexts
[23May2025 18:08:09.339] [main/DEBUG] [net.minecraftforge.registries.GameData/REGISTRIES]: Holder lookups applied: forge:display_contexts
[23May2025 18:08:09.341] [main/DEBUG] [net.minecraftforge.registries.GameData/REGISTRIES]: Applying holder lookups: forge:entity_data_serializers
[23May2025 18:08:09.341] [main/DEBUG] [net.minecraftforge.registries.GameData/REGISTRIES]: Holder lookups applied: forge:entity_data_serializers
[23May2025 18:08:09.362] [main/DEBUG] [net.minecraftforge.registries.GameData/REGISTRIES]: Applying holder lookups: forge:fluid_type
[23May2025 18:08:09.362] [main/DEBUG] [net.minecraftforge.registries.GameData/REGISTRIES]: Holder lookups applied: forge:fluid_type
[23May2025 18:08:09.375] [main/DEBUG] [net.minecraftforge.registries.GameData/REGISTRIES]: Applying holder lookups: forge:global_loot_modifier_serializers
[23May2025 18:08:09.380] [main/DEBUG] [net.minecraftforge.registries.GameData/REGISTRIES]: Holder lookups applied: forge:global_loot_modifier_serializers
[23May2025 18:08:09.395] [main/DEBUG] [net.minecraftforge.registries.GameData/REGISTRIES]: Applying holder lookups: forge:holder_set_type
[23May2025 18:08:09.395] [main/DEBUG] [net.minecraftforge.registries.GameData/REGISTRIES]: Holder lookups applied: forge:holder_set_type
[23May2025 18:08:09.423] [main/DEBUG] [net.minecraftforge.registries.GameData/REGISTRIES]: Applying holder lookups: forge:ingredient_serializers
[23May2025 18:08:09.423] [main/DEBUG] [net.minecraftforge.registries.GameData/REGISTRIES]: Holder lookups applied: forge:ingredient_serializers
[23May2025 18:08:09.425] [main/DEBUG] [net.minecraftforge.registries.GameData/REGISTRIES]: Applying holder lookups: forge:structure_modifier_serializers
[23May2025 18:08:09.425] [main/DEBUG] [net.minecraftforge.registries.GameData/REGISTRIES]: Holder lookups applied: forge:structure_modifier_serializers
[23May2025 18:08:09.425] [main/DEBUG] [net.minecraftforge.registries.GameData/REGISTRIES]: Applying holder lookups: minecraft:painting_variant
[23May2025 18:08:09.425] [main/DEBUG] [net.minecraftforge.registries.GameData/REGISTRIES]: Holder lookups applied: minecraft:painting_variant
[23May2025 18:08:09.425] [main/DEBUG] [net.minecraftforge.registries.GameData/REGISTRIES]: Applying holder lookups: minecraft:worldgen/biome
[23May2025 18:08:09.425] [main/DEBUG] [net.minecraftforge.registries.GameData/REGISTRIES]: Holder lookups applied: minecraft:worldgen/biome
[23May2025 18:08:09.625] [main/INFO] [net.minecraftforge.data.loading.DatagenModLoader/]: Initializing Data Gatherer for mods [everythingjapanese]
[23May2025 18:08:09.970] [main/WARN] [net.minecraft.server.packs.VanillaPackResourcesBuilder/]: Assets URL 'union:/C:/Users/uzowu/.gradle/caches/forge_gradle/minecraft_user_repo/net/minecraftforge/forge/1.21.5-55.0.16_mapped_parchment_2025.04.19-1.21.5/forge-1.21.5-55.0.16_mapped_parchment_2025.04.19-1.21.5-recomp.jar%230!/assets/.mcassetsroot' uses unexpected schema
[23May2025 18:08:09.970] [main/WARN] [net.minecraft.server.packs.VanillaPackResourcesBuilder/]: Assets URL 'union:/C:/Users/uzowu/.gradle/caches/forge_gradle/minecraft_user_repo/net/minecraftforge/forge/1.21.5-55.0.16_mapped_parchment_2025.04.19-1.21.5/forge-1.21.5-55.0.16_mapped_parchment_2025.04.19-1.21.5-recomp.jar%230!/data/.mcassetsroot' uses unexpected schema
[23May2025 18:08:10.238] [Worker-Main-2/INFO] [net.Chidoziealways.everythingjapanese.structure.ModStructuresGen/]: Bootstrapping Structures: everythingjapanese:hell_temple
[23May2025 18:08:10.240] [Worker-Main-2/INFO] [net.Chidoziealways.everythingjapanese.structure.ModStructuresGen/]: Finished with Bootstrap
[23May2025 18:08:10.575] [main/INFO] [net.minecraft.data.DataGenerator/]: Starting provider: Loot Tables
[23May2025 18:08:11.930] [Worker-Main-2/INFO] [net.Chidoziealways.everythingjapanese.trim.ModTrimPatterns/]: Registering all Trim Patterns into DataPack Registry
[23May2025 18:08:12.244] [main/INFO] [net.minecraft.data.DataGenerator/]: Loot Tables finished after 1668 ms
[23May2025 18:08:12.244] [main/INFO] [net.minecraft.data.DataGenerator/]: Starting provider: Tags for minecraft:block mod id everythingjapanese
[23May2025 18:08:12.254] [Worker-Main-1/INFO] [net.Chidoziealways.everythingjapanese.structure.ModStructuresGen/]: Bootstrapping Structures: everythingjapanese:hell_temple
[23May2025 18:08:12.254] [Worker-Main-1/INFO] [net.Chidoziealways.everythingjapanese.structure.ModStructuresGen/]: Finished with Bootstrap
[23May2025 18:08:12.275] [main/INFO] [net.minecraft.data.DataGenerator/]: Tags for minecraft:block mod id everythingjapanese finished after 28 ms
[23May2025 18:08:12.275] [main/INFO] [net.minecraft.data.DataGenerator/]: Starting provider: Tags for minecraft:item mod id everythingjapanese
[23May2025 18:08:12.280] [main/INFO] [net.minecraft.data.DataGenerator/]: Tags for minecraft:item mod id everythingjapanese finished after 6 ms
[23May2025 18:08:12.280] [main/INFO] [net.minecraft.data.DataGenerator/]: Starting provider: Tags for minecraft:worldgen/biome mod id everythingjapanese
[23May2025 18:08:12.284] [main/INFO] [net.minecraft.data.DataGenerator/]: Tags for minecraft:worldgen/biome mod id everythingjapanese finished after 1 ms
[23May2025 18:08:12.284] [main/INFO] [net.minecraft.data.DataGenerator/]: Starting provider: Registries
[23May2025 18:08:12.849] [Worker-Main-1/INFO] [net.Chidoziealways.everythingjapanese.trim.ModTrimPatterns/]: Registering all Trim Patterns into DataPack Registry
[23May2025 18:08:13.283] [main/INFO] [net.minecraft.data.DataGenerator/]: Registries finished after 1002 ms
[23May2025 18:08:13.283] [main/INFO] [net.minecraft.data.DataGenerator/]: Starting provider: Model Definitions
[23May2025 18:08:15.930] [main/INFO] [net.minecraft.data.DataGenerator/]: Model Definitions finished after 2643 ms
[23May2025 18:08:15.930] [main/INFO] [net.minecraft.data.DataGenerator/]: Starting provider: Global Loot Modifiers : everythingjapanese
[23May2025 18:08:15.938] [main/INFO] [net.minecraft.data.DataGenerator/]: Global Loot Modifiers : everythingjapanese finished after 11 ms
[23May2025 18:08:15.938] [main/INFO] [net.minecraft.data.DataGenerator/]: Starting provider: Recipes
[23May2025 18:08:16.107] [main/INFO] [net.minecraft.data.DataGenerator/]: Recipes finished after 165 ms
[23May2025 18:08:16.107] [main/INFO] [net.minecraft.data.DataGenerator/]: Starting provider: Advancements
[23May2025 18:08:16.165] [main/INFO] [net.minecraft.data.DataGenerator/]: Advancements finished after 58 ms
[23May2025 18:08:16.165] [main/INFO] [net.minecraft.data.DataGenerator/]: All providers took: 5593 ms
[23May2025 18:08:16.346] [main/INFO] [net.minecraft.data.HashCache/]: Caching: total files: 6092, old count: 6090, new count: 6093, removed stale: 0, written: 2
