[02Sep2025 10:32:29.798] [main/INFO] [cpw.mods.modlauncher.Launcher/MODLAUNCHER]: ModLauncher running: args [--launchTarget, neoforgeclientdev, --version, 21.8.40, --assetIndex, 26, --assetsDir, C:\\Users\\Hanzo\\.gradle\\caches\\neoformruntime\\assets, --fml.fmlVersion, 9.0.18, --fml.mcVersion, 1.21.8, --fml.neoForgeVersion, 21.8.40, --fml.neoFormVersion, 20250717.133445, -mixin.config=everythingjapanese.mixins.json]
[02Sep2025 10:32:29.805] [main/INFO] [cpw.mods.modlauncher.Launcher/MODLAUNCHER]: JVM identified as Oracle Corporation Java HotSpot(TM) 64-Bit Server VM 21.0.8+12-LTS-250
[02Sep2025 10:32:29.808] [main/INFO] [cpw.mods.modlauncher.Launcher/MODLAUNCHER]: ModLauncher 9.0 starting: java version 21.0.8 by Oracle Corporation; OS Windows 11 arch amd64 version 10.0
[02Sep2025 10:32:29.871] [main/DEBUG] [cpw.mods.modlauncher.LaunchServiceHandler/MODLAUNCHER]: Found launch services [minecraft,neoforgeclientdatadev,neoforgeserver,testharness,neoforgejunitdev,neoforgegametestserverdev,neoforgeclient,neoforgeserverdev,neoforgeclientdev,neoforgeserverdatadev]
[02Sep2025 10:32:29.959] [main/DEBUG] [cpw.mods.modlauncher.LaunchPluginHandler/MODLAUNCHER]: Found launch plugins: [mixin,neoforgedevdistcleaner,slf4jfixer,runtime_enum_extender,accesstransformer]
[02Sep2025 10:32:29.992] [main/DEBUG] [cpw.mods.modlauncher.TransformationServicesHandler/MODLAUNCHER]: Discovering transformation services
[02Sep2025 10:32:30.006] [main/DEBUG] [net.neoforged.fml.loading.FMLPaths/CORE]: Path GAMEDIR is C:\Users\Hanzo\IdeaProjects\EverythingJapanese\runs\client
[02Sep2025 10:32:30.007] [main/DEBUG] [net.neoforged.fml.loading.FMLPaths/CORE]: Path MODSDIR is C:\Users\Hanzo\IdeaProjects\EverythingJapanese\runs\client\mods
[02Sep2025 10:32:30.007] [main/DEBUG] [net.neoforged.fml.loading.FMLPaths/CORE]: Path CONFIGDIR is C:\Users\Hanzo\IdeaProjects\EverythingJapanese\runs\client\config
[02Sep2025 10:32:30.009] [main/DEBUG] [net.neoforged.fml.loading.FMLPaths/CORE]: Path FMLCONFIG is C:\Users\Hanzo\IdeaProjects\EverythingJapanese\runs\client\config\fml.toml
[02Sep2025 10:32:30.129] [main/DEBUG] [net.neoforged.fml.loading.targets.CommonLaunchHandler/CORE]: Got mod coordinates everythingjapanese%%C:\Users\Hanzo\IdeaProjects\EverythingJapanese\build\sourcesSets\main from env
[02Sep2025 10:32:30.134] [main/DEBUG] [net.neoforged.fml.loading.targets.CommonLaunchHandler/CORE]: Found supplied mod coordinates [{everythingjapanese=[C:\Users\Hanzo\IdeaProjects\EverythingJapanese\build\sourcesSets\main]}]
[02Sep2025 10:32:30.142] [main/DEBUG] [cpw.mods.modlauncher.TransformationServicesHandler/MODLAUNCHER]: Found additional transformation services from discovery services: 
[02Sep2025 10:32:30.164] [main/INFO] [net.neoforged.fml.loading.ImmediateWindowHandler/]: Loading ImmediateWindowProvider fmlearlywindow
[02Sep2025 10:32:30.344] [main/DEBUG] [net.neoforged.fml.earlydisplay.theme.ThemeLoader/]: Loading built-in theme default
[02Sep2025 10:32:31.154] [main/DEBUG] [cpw.mods.modlauncher.TransformationServicesHandler/MODLAUNCHER]: Found transformer services : [mixin,fml]
[02Sep2025 10:32:31.157] [main/DEBUG] [cpw.mods.modlauncher.TransformationServicesHandler/MODLAUNCHER]: Transformation services loading
[02Sep2025 10:32:31.159] [main/DEBUG] [cpw.mods.modlauncher.TransformationServiceDecorator/MODLAUNCHER]: Loading service mixin
[02Sep2025 10:32:31.162] [main/DEBUG] [cpw.mods.modlauncher.TransformationServiceDecorator/MODLAUNCHER]: Loaded service mixin
[02Sep2025 10:32:31.163] [main/DEBUG] [cpw.mods.modlauncher.TransformationServiceDecorator/MODLAUNCHER]: Loading service fml
[02Sep2025 10:32:31.165] [main/DEBUG] [net.neoforged.fml.loading.FMLLoader/CORE]: FML 9.0.18 loading
[02Sep2025 10:32:31.165] [main/DEBUG] [net.neoforged.fml.loading.FMLLoader/CORE]: FML found ModLauncher version : 9.0
[02Sep2025 10:32:31.168] [main/DEBUG] [net.neoforged.fml.loading.FMLLoader/CORE]: FML found AccessTransformer version : 11.0.2+90f14086
[02Sep2025 10:32:31.171] [main/DEBUG] [net.neoforged.fml.loading.FMLLoader/CORE]: FML found EventBus version : null
[02Sep2025 10:32:31.173] [main/DEBUG] [net.neoforged.fml.loading.FMLLoader/CORE]: Found NeoForgeDev Dist Cleaner
[02Sep2025 10:32:31.176] [main/DEBUG] [cpw.mods.modlauncher.TransformationServiceDecorator/MODLAUNCHER]: Loaded service fml
[02Sep2025 10:32:31.179] [main/DEBUG] [cpw.mods.modlauncher.TransformationServicesHandler/MODLAUNCHER]: Configuring option handling for services
[02Sep2025 10:32:31.212] [main/DEBUG] [net.neoforged.fml.loading.FMLServiceProvider/CORE]: Received command line version data  : VersionInfo[neoForgeVersion=21.8.40, fmlVersion=9.0.18, mcVersion=1.21.8, neoFormVersion=20250717.133445]
[02Sep2025 10:32:31.213] [main/DEBUG] [cpw.mods.modlauncher.TransformationServicesHandler/MODLAUNCHER]: Transformation services initializing
[02Sep2025 10:32:31.216] [main/DEBUG] [cpw.mods.modlauncher.TransformationServiceDecorator/MODLAUNCHER]: Initializing transformation service mixin
[02Sep2025 10:32:31.257] [main/DEBUG] [mixin/]: MixinService [ModLauncher] was successfully booted in cpw.mods.cl.ModuleClassLoader@4d1b0d2a
[02Sep2025 10:32:31.287] [main/INFO] [mixin/]: SpongePowered MIXIN Subsystem Version=0.8.7 Source=union:/C:/Users/Hanzo/.gradle/caches/modules-2/files-2.1/net.fabricmc/sponge-mixin/0.15.2+mixin.0.8.7/2af2f021d8e02a0220dc27a7a72b4666d66d44ca/sponge-mixin-0.15.2+mixin.0.8.7.jar%23158!/ Service=ModLauncher Env=CLIENT
[02Sep2025 10:32:31.295] [main/DEBUG] [mixin/]: Initialising Mixin Platform Manager
[02Sep2025 10:32:31.296] [main/DEBUG] [mixin/]: Adding mixin platform agents for container ModLauncher Root Container(ModLauncher:4f56a0a2)
[02Sep2025 10:32:31.297] [main/DEBUG] [mixin/]: Instancing new MixinPlatformAgentMinecraftForge for ModLauncher Root Container(ModLauncher:4f56a0a2)
[02Sep2025 10:32:31.298] [main/DEBUG] [mixin/]: MixinPlatformAgentMinecraftForge rejected container ModLauncher Root Container(ModLauncher:4f56a0a2)
[02Sep2025 10:32:31.299] [main/DEBUG] [mixin/]: Instancing new MixinPlatformAgentDefault for ModLauncher Root Container(ModLauncher:4f56a0a2)
[02Sep2025 10:32:31.300] [main/DEBUG] [mixin/]: MixinPlatformAgentDefault accepted container ModLauncher Root Container(ModLauncher:4f56a0a2)
[02Sep2025 10:32:31.304] [main/DEBUG] [cpw.mods.modlauncher.TransformationServiceDecorator/MODLAUNCHER]: Initialized transformation service mixin
[02Sep2025 10:32:31.304] [main/DEBUG] [cpw.mods.modlauncher.TransformationServiceDecorator/MODLAUNCHER]: Initializing transformation service fml
[02Sep2025 10:32:31.305] [main/DEBUG] [net.neoforged.fml.loading.FMLServiceProvider/CORE]: Setting up basic FML game directories
[02Sep2025 10:32:31.306] [main/DEBUG] [net.neoforged.fml.loading.FMLPaths/CORE]: Path GAMEDIR is C:\Users\Hanzo\IdeaProjects\EverythingJapanese\runs\client
[02Sep2025 10:32:31.307] [main/DEBUG] [net.neoforged.fml.loading.FMLPaths/CORE]: Path MODSDIR is C:\Users\Hanzo\IdeaProjects\EverythingJapanese\runs\client\mods
[02Sep2025 10:32:31.307] [main/DEBUG] [net.neoforged.fml.loading.FMLPaths/CORE]: Path CONFIGDIR is C:\Users\Hanzo\IdeaProjects\EverythingJapanese\runs\client\config
[02Sep2025 10:32:31.308] [main/DEBUG] [net.neoforged.fml.loading.FMLPaths/CORE]: Path FMLCONFIG is C:\Users\Hanzo\IdeaProjects\EverythingJapanese\runs\client\config\fml.toml
[02Sep2025 10:32:31.308] [main/DEBUG] [net.neoforged.fml.loading.FMLServiceProvider/CORE]: Loading configuration
[02Sep2025 10:32:31.320] [main/DEBUG] [net.neoforged.fml.loading.FMLServiceProvider/CORE]: Preparing launch handler
[02Sep2025 10:32:31.321] [main/DEBUG] [net.neoforged.fml.loading.FMLLoader/CORE]: Using neoforgeclientdev as launch service
[02Sep2025 10:32:31.329] [main/DEBUG] [cpw.mods.modlauncher.TransformationServiceDecorator/MODLAUNCHER]: Initialized transformation service fml
[02Sep2025 10:32:31.330] [main/DEBUG] [cpw.mods.modlauncher.TransformationServicesHandler/MODLAUNCHER]: Transformation services begin scanning
[02Sep2025 10:32:31.332] [main/DEBUG] [cpw.mods.modlauncher.TransformationServiceDecorator/MODLAUNCHER]: Beginning scan trigger - transformation service mixin
[02Sep2025 10:32:31.333] [main/DEBUG] [cpw.mods.modlauncher.TransformationServiceDecorator/MODLAUNCHER]: End scan trigger - transformation service mixin
[02Sep2025 10:32:31.334] [main/DEBUG] [cpw.mods.modlauncher.TransformationServiceDecorator/MODLAUNCHER]: Beginning scan trigger - transformation service fml
[02Sep2025 10:32:31.334] [main/DEBUG] [net.neoforged.fml.loading.FMLServiceProvider/CORE]: Initiating mod scan
[02Sep2025 10:32:31.335] [main/DEBUG] [net.neoforged.fml.loading.targets.CommonLaunchHandler/CORE]: Got mod coordinates everythingjapanese%%C:\Users\Hanzo\IdeaProjects\EverythingJapanese\build\sourcesSets\main from env
[02Sep2025 10:32:31.336] [main/DEBUG] [net.neoforged.fml.loading.targets.CommonLaunchHandler/CORE]: Found supplied mod coordinates [{everythingjapanese=[C:\Users\Hanzo\IdeaProjects\EverythingJapanese\build\sourcesSets\main]}]
[02Sep2025 10:32:31.341] [main/DEBUG] [net.neoforged.fml.loading.targets.NeoForgeDevLaunchHandler/]: Launching with NeoForge from C:\Users\Hanzo\IdeaProjects\EverythingJapanese\build\moddev\artifacts\neoforge-21.8.40.jar
[02Sep2025 10:32:31.379] [main/DEBUG] [net.neoforged.fml.util.ServiceLoaderUtil/CORE]: Found 4 implementations of IModFileCandidateLocator:
[02Sep2025 10:32:31.381] [main/DEBUG] [net.neoforged.fml.util.ServiceLoaderUtil/CORE]: 	       0 - [built-in] net.neoforged.fml.loading.moddiscovery.locators.NeoForgeDevProvider from loader-9.0.18.jar
[02Sep2025 10:32:31.382] [main/DEBUG] [net.neoforged.fml.util.ServiceLoaderUtil/CORE]: 	       0 - net.neoforged.fml.loading.moddiscovery.locators.ModsFolderLocator from loader-9.0.18.jar
[02Sep2025 10:32:31.383] [main/DEBUG] [net.neoforged.fml.util.ServiceLoaderUtil/CORE]: 	       0 - net.neoforged.fml.loading.moddiscovery.locators.MavenDirectoryLocator from loader-9.0.18.jar
[02Sep2025 10:32:31.383] [main/DEBUG] [net.neoforged.fml.util.ServiceLoaderUtil/CORE]: 	   -1000 - [built-in] net.neoforged.fml.loading.moddiscovery.locators.UserdevLocator from loader-9.0.18.jar
[02Sep2025 10:32:31.386] [main/DEBUG] [net.neoforged.fml.util.ServiceLoaderUtil/CORE]: Found 2 implementations of IModFileReader:
[02Sep2025 10:32:31.387] [main/DEBUG] [net.neoforged.fml.util.ServiceLoaderUtil/CORE]: 	       0 - net.neoforged.fml.loading.moddiscovery.readers.JarModsDotTomlModFileReader from loader-9.0.18.jar
[02Sep2025 10:32:31.388] [main/DEBUG] [net.neoforged.fml.util.ServiceLoaderUtil/CORE]: 	   -1000 - net.neoforged.fml.loading.moddiscovery.readers.NestedLibraryModReader from loader-9.0.18.jar
[02Sep2025 10:32:31.390] [main/DEBUG] [net.neoforged.fml.util.ServiceLoaderUtil/CORE]: Found 1 implementations of IDependencyLocator:
[02Sep2025 10:32:31.391] [main/DEBUG] [net.neoforged.fml.util.ServiceLoaderUtil/CORE]: 	       0 - net.neoforged.fml.loading.moddiscovery.locators.JarInJarDependencyLocator from loader-9.0.18.jar
[02Sep2025 10:32:31.648] [main/DEBUG] [net.neoforged.fml.loading.moddiscovery.ModFileInfo/LOADING]: Found valid mod file neoforge-21.8.40.jar with {minecraft} mods - versions {1.21.8}
[02Sep2025 10:32:31.675] [main/DEBUG] [net.neoforged.fml.loading.moddiscovery.ModFileParser/LOADING]: Considering mod file candidate C:\Users\Hanzo\IdeaProjects\EverythingJapanese\build\moddev\artifacts\neoforge-21.8.40.jar
[02Sep2025 10:32:31.717] [main/DEBUG] [net.neoforged.fml.loading.moddiscovery.ModFileInfo/LOADING]: Found valid mod file neoforge-21.8.40.jar with {neoforge} mods - versions {21.8.40}
[02Sep2025 10:32:31.726] [main/DEBUG] [net.neoforged.fml.loading.moddiscovery.ModListHandler/CORE]: Found mod coordinates from lists: []
[02Sep2025 10:32:31.732] [main/DEBUG] [net.neoforged.fml.loading.moddiscovery.ModFileParser/LOADING]: Considering mod file candidate C:\Users\Hanzo\IdeaProjects\EverythingJapanese\build\sourcesSets\main
[02Sep2025 10:32:31.746] [main/DEBUG] [net.neoforged.fml.loading.moddiscovery.ModFileInfo/LOADING]: Found valid mod file main with {everythingjapanese} mods - versions {1.13.0}
[02Sep2025 10:32:31.778] [main/DEBUG] [net.neoforged.fml.loading.moddiscovery.ModFileParser/LOADING]: Considering mod file candidate C:\Users\Hanzo\IdeaProjects\EverythingJapanese\build\moddev\artifacts\neoforge-21.8.40.jar
[02Sep2025 10:32:31.781] [main/DEBUG] [net.neoforged.fml.loading.moddiscovery.ModFileInfo/LOADING]: Found valid mod file neoforge-21.8.40.jar with {neoforge} mods - versions {21.8.40}
[02Sep2025 10:32:31.787] [main/DEBUG] [net.neoforged.fml.loading.moddiscovery.ModFileParser/LOADING]: Considering mod file candidate C:\Users\Hanzo\.gradle\caches\modules-2\files-2.1\software.bernie.geckolib\geckolib-neoforge-1.21.8\5.2.2\b52e2c10766d3f3f0965b3fabdd39e71e0b28fd5\geckolib-neoforge-1.21.8-5.2.2.jar
[02Sep2025 10:32:31.793] [main/DEBUG] [net.neoforged.fml.loading.moddiscovery.ModFileInfo/LOADING]: Found valid mod file geckolib-neoforge-1.21.8-5.2.2.jar with {geckolib} mods - versions {5.2.2}
[02Sep2025 10:32:31.799] [main/DEBUG] [net.neoforged.fml.loading.moddiscovery.ModFileParser/LOADING]: Considering mod file candidate C:\Users\Hanzo\.m2\repository\thedarkcolour\kffmod-neoforge\6.0.0\kffmod-neoforge-6.0.0.jar
[02Sep2025 10:32:31.803] [main/DEBUG] [net.neoforged.fml.loading.moddiscovery.ModFileInfo/LOADING]: Found valid mod file kffmod-neoforge-6.0.0.jar with {kotlinforforge} mods - versions {6.0.0}
[02Sep2025 10:32:31.812] [fml-loadingscreen/INFO] [net.neoforged.fml.earlydisplay.render.LoadingScreenRenderer/]: GL info: Intel(R) UHD Graphics 620 GL version 3.2.0 - Build 31.0.101.2121, Intel
[02Sep2025 10:32:32.035] [main/DEBUG] [net.neoforged.fml.loading.moddiscovery.ModDiscoverer/]: Skipping C:\Users\Hanzo\.gradle\caches\modules-2\files-2.1\net.neoforged.fancymodloader\earlydisplay\9.0.18\7d3e3280895c5e156838c122e7f33af303197868\earlydisplay-9.0.18.jar because it was already located earlier
[02Sep2025 10:32:32.036] [main/DEBUG] [net.neoforged.fml.loading.moddiscovery.ModDiscoverer/]: Skipping C:\Users\Hanzo\.gradle\caches\modules-2\files-2.1\net.neoforged.fancymodloader\loader\9.0.18\fada6a897afb213a5d2cf85ce82a9bbf03cdcfe4\loader-9.0.18.jar because it was already located earlier
[02Sep2025 10:32:32.036] [main/DEBUG] [net.neoforged.fml.loading.moddiscovery.ModDiscoverer/]: Skipping C:\Users\Hanzo\.gradle\caches\modules-2\files-2.1\net.neoforged\mergetool\2.0.0\52fe1949be64e3303aabaaa21e315f551db9c9f4\mergetool-2.0.0-api.jar because it was already located earlier
[02Sep2025 10:32:32.037] [main/DEBUG] [net.neoforged.fml.loading.moddiscovery.ModDiscoverer/]: Skipping C:\Users\Hanzo\.gradle\caches\modules-2\files-2.1\net.sf.jopt-simple\jopt-simple\5.0.4\4fdac2fbe92dfad86aa6e9301736f6b4342a3f5c\jopt-simple-5.0.4.jar because it was already located earlier
[02Sep2025 10:32:32.053] [main/DEBUG] [net.neoforged.fml.loading.moddiscovery.ModDiscoverer/]: Skipping C:\Users\Hanzo\.gradle\caches\modules-2\files-2.1\org.luaj\luaj-jse\3.0.1\99245b2df284805e1cb835e9be47c243f9717511\luaj-jse-3.0.1.jar because it was already located earlier
[02Sep2025 10:32:32.062] [main/DEBUG] [net.neoforged.fml.loading.moddiscovery.ModDiscoverer/]: Skipping C:\Users\Hanzo\.gradle\caches\modules-2\files-2.1\net.neoforged\accesstransformers\11.0.2\25dcb69c78b16669935f0ab91dff830ce192379d\accesstransformers-11.0.2.jar because it was already located earlier
[02Sep2025 10:32:32.062] [main/DEBUG] [net.neoforged.fml.loading.moddiscovery.ModDiscoverer/]: Skipping C:\Users\Hanzo\.gradle\caches\modules-2\files-2.1\org.ow2.asm\asm-commons\9.8\36e4d212970388e5bd2c5180292012502df461bb\asm-commons-9.8.jar because it was already located earlier
[02Sep2025 10:32:32.062] [main/DEBUG] [net.neoforged.fml.loading.moddiscovery.ModDiscoverer/]: Skipping C:\Users\Hanzo\.gradle\caches\modules-2\files-2.1\org.ow2.asm\asm-util\9.8\395f1c1f035258511f27bc9b2583d76e4b143f59\asm-util-9.8.jar because it was already located earlier
[02Sep2025 10:32:32.063] [main/DEBUG] [net.neoforged.fml.loading.moddiscovery.ModDiscoverer/]: Skipping C:\Users\Hanzo\.gradle\caches\modules-2\files-2.1\org.ow2.asm\asm-analysis\9.8\b9747a320844b6cb1eacd90d8ecfd260a16c01d3\asm-analysis-9.8.jar because it was already located earlier
[02Sep2025 10:32:32.063] [main/DEBUG] [net.neoforged.fml.loading.moddiscovery.ModDiscoverer/]: Skipping C:\Users\Hanzo\.gradle\caches\modules-2\files-2.1\org.ow2.asm\asm-tree\9.8\18419ca5b77a2f81097c741e7872e6ab8d2f40d\asm-tree-9.8.jar because it was already located earlier
[02Sep2025 10:32:32.064] [main/DEBUG] [net.neoforged.fml.loading.moddiscovery.ModDiscoverer/]: Skipping C:\Users\Hanzo\.gradle\caches\modules-2\files-2.1\net.neoforged\bus\8.0.5\5b2d33285ab5d1554e9798ad98c40d6ea3868bd5\bus-8.0.5.jar because it was already located earlier
[02Sep2025 10:32:32.064] [main/DEBUG] [net.neoforged.fml.loading.moddiscovery.ModDiscoverer/]: Skipping C:\Users\Hanzo\.gradle\caches\modules-2\files-2.1\org.ow2.asm\asm\9.8\dc19ecb3f7889b7860697215cae99c0f9b6f6b4b\asm-9.8.jar because it was already located earlier
[02Sep2025 10:32:32.065] [main/DEBUG] [net.neoforged.fml.loading.moddiscovery.ModDiscoverer/]: Skipping C:\Users\Hanzo\.gradle\caches\modules-2\files-2.1\com.electronwill.night-config\toml\3.8.3\90b2fd6efcb4a7d5b9810cf78f9d824994d717f2\toml-3.8.3.jar because it was already located earlier
[02Sep2025 10:32:32.066] [main/DEBUG] [net.neoforged.fml.loading.moddiscovery.ModDiscoverer/]: Skipping C:\Users\Hanzo\.gradle\caches\modules-2\files-2.1\com.electronwill.night-config\core\3.8.3\b442a95f09e349927f5a945ecb594455870fcf4f\core-3.8.3.jar because it was already located earlier
[02Sep2025 10:32:32.067] [main/DEBUG] [net.neoforged.fml.loading.moddiscovery.ModDiscoverer/]: Skipping C:\Users\Hanzo\.gradle\caches\modules-2\files-2.1\net.neoforged\JarJarSelector\0.4.1\fb3cc7a58af22ad2880adb98af6d518128c47dae\JarJarSelector-0.4.1.jar because it was already located earlier
[02Sep2025 10:32:32.068] [main/DEBUG] [net.neoforged.fml.loading.moddiscovery.ModDiscoverer/]: Skipping C:\Users\Hanzo\.gradle\caches\modules-2\files-2.1\net.neoforged\JarJarMetadata\0.4.1\f8da03683dc81694556dc3e177c5e3bb77ae6fcb\JarJarMetadata-0.4.1.jar because it was already located earlier
[02Sep2025 10:32:32.069] [main/DEBUG] [net.neoforged.fml.loading.moddiscovery.ModDiscoverer/]: Skipping C:\Users\Hanzo\.gradle\caches\modules-2\files-2.1\org.apache.maven\maven-artifact\3.9.9\a130ec431ef32e12a4424f9b074735bb58e15d2d\maven-artifact-3.9.9.jar because it was already located earlier
[02Sep2025 10:32:32.069] [main/DEBUG] [net.neoforged.fml.loading.moddiscovery.ModDiscoverer/]: Skipping C:\Users\Hanzo\.gradle\caches\modules-2\files-2.1\net.jodah\typetools\0.6.3\a01aaa6ddaea9ec07ec4f209487b7a46a526283a\typetools-0.6.3.jar because it was already located earlier
[02Sep2025 10:32:32.070] [main/DEBUG] [net.neoforged.fml.loading.moddiscovery.ModDiscoverer/]: Skipping C:\Users\Hanzo\.gradle\caches\modules-2\files-2.1\net.minecrell\terminalconsoleappender\1.3.0\b562e9bb61235c9520e26282cdee71f8f802d1fc\terminalconsoleappender-1.3.0.jar because it was already located earlier
[02Sep2025 10:32:32.071] [main/DEBUG] [net.neoforged.fml.loading.moddiscovery.ModDiscoverer/]: Skipping C:\Users\Hanzo\.gradle\caches\modules-2\files-2.1\net.fabricmc\sponge-mixin\0.15.2+mixin.0.8.7\2af2f021d8e02a0220dc27a7a72b4666d66d44ca\sponge-mixin-0.15.2+mixin.0.8.7.jar because it was already located earlier
[02Sep2025 10:32:32.071] [main/DEBUG] [net.neoforged.fml.loading.moddiscovery.ModDiscoverer/]: Skipping C:\Users\Hanzo\.gradle\caches\modules-2\files-2.1\commons-io\commons-io\2.17.0\ddcc8433eb019fb48fe25207c0278143f3e1d7e2\commons-io-2.17.0.jar because it was already located earlier
[02Sep2025 10:32:32.075] [main/DEBUG] [net.neoforged.fml.loading.moddiscovery.ModDiscoverer/]: Skipping C:\Users\Hanzo\.gradle\caches\modules-2\files-2.1\com.mojang\logging\1.5.10\9ab1202793717af9df9c1704d0a02892067001eb\logging-1.5.10.jar because it was already located earlier
[02Sep2025 10:32:32.076] [main/DEBUG] [net.neoforged.fml.loading.moddiscovery.ModDiscoverer/]: Skipping C:\Users\Hanzo\.gradle\caches\modules-2\files-2.1\org.apache.logging.log4j\log4j-slf4j2-impl\2.24.1\8e3ddc96464ef7f768823e7e001a52b23de8cd0a\log4j-slf4j2-impl-2.24.1.jar because it was already located earlier
[02Sep2025 10:32:32.077] [main/DEBUG] [net.neoforged.fml.loading.moddiscovery.ModDiscoverer/]: Skipping C:\Users\Hanzo\.gradle\caches\modules-2\files-2.1\org.apache.logging.log4j\log4j-core\2.24.1\c85285146f28d8c8962384f786e2dff04172fb43\log4j-core-2.24.1.jar because it was already located earlier
[02Sep2025 10:32:32.078] [main/DEBUG] [net.neoforged.fml.loading.moddiscovery.ModDiscoverer/]: Skipping C:\Users\Hanzo\.gradle\caches\modules-2\files-2.1\org.apache.logging.log4j\log4j-api\2.24.1\7ebeb12c20606373005af4232cd0ecca72613dda\log4j-api-2.24.1.jar because it was already located earlier
[02Sep2025 10:32:32.078] [main/DEBUG] [net.neoforged.fml.loading.moddiscovery.ModDiscoverer/]: Skipping C:\Users\Hanzo\.gradle\caches\modules-2\files-2.1\com.google.guava\guava\33.3.1-jre\852f8b363da0111e819460021ca693cacca3e8db\guava-33.3.1-jre.jar because it was already located earlier
[02Sep2025 10:32:32.078] [main/DEBUG] [net.neoforged.fml.loading.moddiscovery.ModDiscoverer/]: Skipping C:\Users\Hanzo\.gradle\caches\modules-2\files-2.1\com.google.code.gson\gson\2.11.0\527175ca6d81050b53bdd4c457a6d6e017626b0e\gson-2.11.0.jar because it was already located earlier
[02Sep2025 10:32:32.079] [main/DEBUG] [net.neoforged.fml.loading.moddiscovery.ModDiscoverer/]: Skipping C:\Users\Hanzo\.gradle\caches\modules-2\files-2.1\org.apache.commons\commons-lang3\3.17.0\b17d2136f0460dcc0d2016ceefca8723bdf4ee70\commons-lang3-3.17.0.jar because it was already located earlier
[02Sep2025 10:32:32.079] [main/DEBUG] [net.neoforged.fml.loading.moddiscovery.ModDiscoverer/]: Skipping C:\Users\Hanzo\.gradle\caches\modules-2\files-2.1\net.neoforged.accesstransformers\at-parser\11.0.2\64aae57d6d26d69543c5275181fe6971707a4e16\at-parser-11.0.2.jar because it was already located earlier
[02Sep2025 10:32:32.079] [main/DEBUG] [net.neoforged.fml.loading.moddiscovery.ModDiscoverer/]: Skipping C:\Users\Hanzo\.gradle\caches\modules-2\files-2.1\org.slf4j\slf4j-api\2.0.16\172931663a09a1fa515567af5fbef00897d3c04\slf4j-api-2.0.16.jar because it was already located earlier
[02Sep2025 10:32:32.083] [main/DEBUG] [net.neoforged.fml.loading.moddiscovery.ModDiscoverer/]: Skipping C:\Users\Hanzo\.gradle\caches\modules-2\files-2.1\net.minecraftforge\srgutils\0.4.15\ca408b131759478f164e010fae0d73997e125fb5\srgutils-0.4.15.jar because it was already located earlier
[02Sep2025 10:32:32.083] [main/DEBUG] [net.neoforged.fml.loading.moddiscovery.ModDiscoverer/]: Skipping C:\Users\Hanzo\.gradle\caches\modules-2\files-2.1\org.codehaus.plexus\plexus-utils\3.5.1\c6bfb17c97ecc8863e88778ea301be742c62b06d\plexus-utils-3.5.1.jar because it was already located earlier
[02Sep2025 10:32:32.084] [main/DEBUG] [net.neoforged.fml.loading.moddiscovery.ModDiscoverer/]: Skipping C:\Users\Hanzo\.gradle\caches\modules-2\files-2.1\org.jline\jline-reader\3.20.0\8f15415b022a25b473e8e16c28ae913186ffb9c4\jline-reader-3.20.0.jar because it was already located earlier
[02Sep2025 10:32:32.084] [main/DEBUG] [net.neoforged.fml.loading.moddiscovery.ModDiscoverer/]: Skipping C:\Users\Hanzo\.gradle\caches\modules-2\files-2.1\com.machinezoo.noexception\noexception\1.7.1\b65330c98e38a1f915fa54a6e5eca496505e3f0a\noexception-1.7.1.jar because it was already located earlier
[02Sep2025 10:32:32.085] [main/DEBUG] [net.neoforged.fml.loading.moddiscovery.ModDiscoverer/]: Skipping C:\Users\Hanzo\.gradle\caches\modules-2\files-2.1\com.fasterxml.jackson.core\jackson-annotations\2.13.4\858c6cc78e1f08a885b1613e1d817c829df70a6e\jackson-annotations-2.13.4.jar because it was already located earlier
[02Sep2025 10:32:32.085] [main/DEBUG] [net.neoforged.fml.loading.moddiscovery.ModDiscoverer/]: Skipping C:\Users\Hanzo\.gradle\caches\modules-2\files-2.1\com.fasterxml.jackson.core\jackson-core\2.13.4\cf934c681294b97ef6d80082faeefbe1edadf56\jackson-core-2.13.4.jar because it was already located earlier
[02Sep2025 10:32:32.086] [main/DEBUG] [net.neoforged.fml.loading.moddiscovery.ModDiscoverer/]: Skipping C:\Users\Hanzo\.gradle\caches\modules-2\files-2.1\com.fasterxml.jackson.core\jackson-databind\2.13.4.2\325c06bdfeb628cfb80ebaaf1a26cc1eb558a585\jackson-databind-2.13.4.2.jar because it was already located earlier
[02Sep2025 10:32:32.086] [main/DEBUG] [net.neoforged.fml.loading.moddiscovery.ModDiscoverer/]: Skipping C:\Users\Hanzo\.gradle\caches\modules-2\files-2.1\com.github.oshi\oshi-core\6.6.5\e1099981fd15dc4236c4499d82aba1276fb43a9a\oshi-core-6.6.5.jar because it was already located earlier
[02Sep2025 10:32:32.086] [main/DEBUG] [net.neoforged.fml.loading.moddiscovery.ModDiscoverer/]: Skipping C:\Users\Hanzo\.gradle\caches\modules-2\files-2.1\com.github.stephenc.jcip\jcip-annotations\1.0-1\ef31541dd28ae2cefdd17c7ebf352d93e9058c63\jcip-annotations-1.0-1.jar because it was already located earlier
[02Sep2025 10:32:32.086] [main/DEBUG] [net.neoforged.fml.loading.moddiscovery.ModDiscoverer/]: Skipping C:\Users\Hanzo\.gradle\caches\modules-2\files-2.1\com.google.guava\failureaccess\1.0.2\c4a06a64e650562f30b7bf9aaec1bfed43aca12b\failureaccess-1.0.2.jar because it was already located earlier
[02Sep2025 10:32:32.087] [main/DEBUG] [net.neoforged.fml.loading.moddiscovery.ModDiscoverer/]: Skipping C:\Users\Hanzo\.gradle\caches\modules-2\files-2.1\com.ibm.icu\icu4j\76.1\215f3a8e936d4069344bd75f2b1368fd58112894\icu4j-76.1.jar because it was already located earlier
[02Sep2025 10:32:32.087] [main/DEBUG] [net.neoforged.fml.loading.moddiscovery.ModDiscoverer/]: Skipping C:\Users\Hanzo\.gradle\caches\modules-2\files-2.1\com.microsoft.azure\msal4j\1.17.2\a6211e3d71d0388929babaa0ff0951b30d001852\msal4j-1.17.2.jar because it was already located earlier
[02Sep2025 10:32:32.087] [main/DEBUG] [net.neoforged.fml.loading.moddiscovery.ModDiscoverer/]: Skipping C:\Users\Hanzo\.gradle\caches\modules-2\files-2.1\com.mojang\authlib\6.0.58\9261a6d53e629469fab20136b968bf5202d9c0f7\authlib-6.0.58.jar because it was already located earlier
[02Sep2025 10:32:32.089] [main/DEBUG] [net.neoforged.fml.loading.moddiscovery.ModDiscoverer/]: Skipping C:\Users\Hanzo\.gradle\caches\modules-2\files-2.1\com.mojang\blocklist\1.0.10\5c685c5ffa94c4cd39496c7184c1d122e515ecef\blocklist-1.0.10.jar because it was already located earlier
[02Sep2025 10:32:32.090] [main/DEBUG] [net.neoforged.fml.loading.moddiscovery.ModDiscoverer/]: Skipping C:\Users\Hanzo\.gradle\caches\modules-2\files-2.1\com.mojang\brigadier\1.3.10\d15b53a14cf20fdcaa98f731af5dda654452c010\brigadier-1.3.10.jar because it was already located earlier
[02Sep2025 10:32:32.091] [main/DEBUG] [net.neoforged.fml.loading.moddiscovery.ModDiscoverer/]: Skipping C:\Users\Hanzo\.gradle\caches\modules-2\files-2.1\com.mojang\datafixerupper\8.0.16\67d4de6d7f95d89bcf5862995fb854ebaec02a34\datafixerupper-8.0.16.jar because it was already located earlier
[02Sep2025 10:32:32.092] [main/DEBUG] [net.neoforged.fml.loading.moddiscovery.ModDiscoverer/]: Skipping C:\Users\Hanzo\.gradle\caches\modules-2\files-2.1\com.mojang\jtracy\1.0.29\6f07dcb6a2e595c7ee2ca43b67e5d1c018ca0770\jtracy-1.0.29.jar because it was already located earlier
[02Sep2025 10:32:32.092] [main/DEBUG] [net.neoforged.fml.loading.moddiscovery.ModDiscoverer/]: Skipping C:\Users\Hanzo\.gradle\caches\modules-2\files-2.1\com.mojang\jtracy\1.0.29\e05332cb31c7ae582dc8d8bd1bffd47c2ff7636f\jtracy-1.0.29-natives-windows.jar because it was already located earlier
[02Sep2025 10:32:32.093] [main/DEBUG] [net.neoforged.fml.loading.moddiscovery.ModDiscoverer/]: Skipping C:\Users\Hanzo\.gradle\caches\modules-2\files-2.1\com.mojang\patchy\2.2.10\da05971b07cbb379d002cf7eaec6a2048211fefc\patchy-2.2.10.jar because it was already located earlier
[02Sep2025 10:32:32.093] [main/DEBUG] [net.neoforged.fml.loading.moddiscovery.ModDiscoverer/]: Skipping C:\Users\Hanzo\.gradle\caches\modules-2\files-2.1\com.mojang\text2speech\1.18.11\e853a12cdd6ba4f4836e8f4bf3b37844a13482b6\text2speech-1.18.11.jar because it was already located earlier
[02Sep2025 10:32:32.094] [main/DEBUG] [net.neoforged.fml.loading.moddiscovery.ModDiscoverer/]: Skipping C:\Users\Hanzo\.gradle\caches\modules-2\files-2.1\com.nimbusds\content-type\2.3\e3aa0be212d7a42839a8f3f506f5b990bcce0222\content-type-2.3.jar because it was already located earlier
[02Sep2025 10:32:32.095] [main/DEBUG] [net.neoforged.fml.loading.moddiscovery.ModDiscoverer/]: Skipping C:\Users\Hanzo\.gradle\caches\modules-2\files-2.1\com.nimbusds\lang-tag\1.7\97c73ecd70bc7e8eefb26c5eea84f251a63f1031\lang-tag-1.7.jar because it was already located earlier
[02Sep2025 10:32:32.096] [main/DEBUG] [net.neoforged.fml.loading.moddiscovery.ModDiscoverer/]: Skipping C:\Users\Hanzo\.gradle\caches\modules-2\files-2.1\com.nimbusds\nimbus-jose-jwt\9.40\42b1dfa0360e4062951b070bac52dd8d96fd7b38\nimbus-jose-jwt-9.40.jar because it was already located earlier
[02Sep2025 10:32:32.097] [main/DEBUG] [net.neoforged.fml.loading.moddiscovery.ModDiscoverer/]: Skipping C:\Users\Hanzo\.gradle\caches\modules-2\files-2.1\com.nimbusds\oauth2-oidc-sdk\11.18\7c7ec4f4066625ff07a711ad856fa04da1ff9de\oauth2-oidc-sdk-11.18.jar because it was already located earlier
[02Sep2025 10:32:32.097] [main/DEBUG] [net.neoforged.fml.loading.moddiscovery.ModDiscoverer/]: Skipping C:\Users\Hanzo\.gradle\caches\modules-2\files-2.1\commons-codec\commons-codec\1.17.1\973638b7149d333563584137ebf13a691bb60579\commons-codec-1.17.1.jar because it was already located earlier
[02Sep2025 10:32:32.097] [main/DEBUG] [net.neoforged.fml.loading.moddiscovery.ModDiscoverer/]: Skipping C:\Users\Hanzo\.gradle\caches\modules-2\files-2.1\commons-logging\commons-logging\1.3.4\b9fc14968d63a8b8a8a2c1885fe3e90564239708\commons-logging-1.3.4.jar because it was already located earlier
[02Sep2025 10:32:32.097] [main/DEBUG] [net.neoforged.fml.loading.moddiscovery.ModDiscoverer/]: Skipping C:\Users\Hanzo\.gradle\caches\modules-2\files-2.1\io.netty\netty-buffer\4.1.118.Final\7022990af1e0d449f9d5322035899745e19735c5\netty-buffer-4.1.118.Final.jar because it was already located earlier
[02Sep2025 10:32:32.098] [main/DEBUG] [net.neoforged.fml.loading.moddiscovery.ModDiscoverer/]: Skipping C:\Users\Hanzo\.gradle\caches\modules-2\files-2.1\io.netty\netty-codec\4.1.118.Final\307f665c08ce57333121de4f460479fc0c3c94d4\netty-codec-4.1.118.Final.jar because it was already located earlier
[02Sep2025 10:32:32.098] [main/DEBUG] [net.neoforged.fml.loading.moddiscovery.ModDiscoverer/]: Skipping C:\Users\Hanzo\.gradle\caches\modules-2\files-2.1\io.netty\netty-common\4.1.118.Final\4bb0f9899146484fa89f7b9bc27389d5b8e2ecde\netty-common-4.1.118.Final.jar because it was already located earlier
[02Sep2025 10:32:32.099] [main/DEBUG] [net.neoforged.fml.loading.moddiscovery.ModDiscoverer/]: Skipping C:\Users\Hanzo\.gradle\caches\modules-2\files-2.1\io.netty\netty-handler\4.1.118.Final\30ebb05b6b0fb071dbfcf713017c4a767a97bb9b\netty-handler-4.1.118.Final.jar because it was already located earlier
[02Sep2025 10:32:32.100] [main/DEBUG] [net.neoforged.fml.loading.moddiscovery.ModDiscoverer/]: Skipping C:\Users\Hanzo\.gradle\caches\modules-2\files-2.1\io.netty\netty-resolver\4.1.118.Final\28c378c19c1779eca1104b400452627f3ebc4aea\netty-resolver-4.1.118.Final.jar because it was already located earlier
[02Sep2025 10:32:32.100] [main/DEBUG] [net.neoforged.fml.loading.moddiscovery.ModDiscoverer/]: Skipping C:\Users\Hanzo\.gradle\caches\modules-2\files-2.1\io.netty\netty-transport-classes-epoll\4.1.118.Final\376ce95507066f0e755d97c1c8bcd6c33f657617\netty-transport-classes-epoll-4.1.118.Final.jar because it was already located earlier
[02Sep2025 10:32:32.100] [main/DEBUG] [net.neoforged.fml.loading.moddiscovery.ModDiscoverer/]: Skipping C:\Users\Hanzo\.gradle\caches\modules-2\files-2.1\io.netty\netty-transport-native-unix-common\4.1.118.Final\9da25a94e6a0edac90da0bc7894e5a54efcb866b\netty-transport-native-unix-common-4.1.118.Final.jar because it was already located earlier
[02Sep2025 10:32:32.100] [main/DEBUG] [net.neoforged.fml.loading.moddiscovery.ModDiscoverer/]: Skipping C:\Users\Hanzo\.gradle\caches\modules-2\files-2.1\io.netty\netty-transport\4.1.118.Final\5a27232e5d08218722d94ca14f0b1b4576e7711c\netty-transport-4.1.118.Final.jar because it was already located earlier
[02Sep2025 10:32:32.101] [main/DEBUG] [net.neoforged.fml.loading.moddiscovery.ModDiscoverer/]: Skipping C:\Users\Hanzo\.gradle\caches\modules-2\files-2.1\it.unimi.dsi\fastutil\8.5.15\1e885b40c9563ab0d3899b871fd0b30e958705dc\fastutil-8.5.15.jar because it was already located earlier
[02Sep2025 10:32:32.101] [main/DEBUG] [net.neoforged.fml.loading.moddiscovery.ModDiscoverer/]: Skipping C:\Users\Hanzo\.gradle\caches\modules-2\files-2.1\net.java.dev.jna\jna-platform\5.15.0\86b502cad57d45da172b5e3231c537b042e296ef\jna-platform-5.15.0.jar because it was already located earlier
[02Sep2025 10:32:32.101] [main/DEBUG] [net.neoforged.fml.loading.moddiscovery.ModDiscoverer/]: Skipping C:\Users\Hanzo\.gradle\caches\modules-2\files-2.1\net.java.dev.jna\jna\5.15.0\1ee1d80ff44f08280188f7c0e740d57207841ac\jna-5.15.0.jar because it was already located earlier
[02Sep2025 10:32:32.101] [main/DEBUG] [net.neoforged.fml.loading.moddiscovery.ModDiscoverer/]: Skipping C:\Users\Hanzo\.gradle\caches\modules-2\files-2.1\net.minidev\accessors-smart\2.5.1\19b820261eb2e7de7d5bde11d1c06e4501dd7e5f\accessors-smart-2.5.1.jar because it was already located earlier
[02Sep2025 10:32:32.102] [main/DEBUG] [net.neoforged.fml.loading.moddiscovery.ModDiscoverer/]: Skipping C:\Users\Hanzo\.gradle\caches\modules-2\files-2.1\net.minidev\json-smart\2.5.1\4c11d2808d009132dfbbf947ebf37de6bf266c8e\json-smart-2.5.1.jar because it was already located earlier
[02Sep2025 10:32:32.102] [main/DEBUG] [net.neoforged.fml.loading.moddiscovery.ModDiscoverer/]: Skipping C:\Users\Hanzo\.gradle\caches\modules-2\files-2.1\org.apache.commons\commons-compress\1.27.1\a19151084758e2fbb6b41eddaa88e7b8ff4e6599\commons-compress-1.27.1.jar because it was already located earlier
[02Sep2025 10:32:32.102] [main/DEBUG] [net.neoforged.fml.loading.moddiscovery.ModDiscoverer/]: Skipping C:\Users\Hanzo\.gradle\caches\modules-2\files-2.1\org.apache.httpcomponents\httpclient\4.5.14\1194890e6f56ec29177673f2f12d0b8e627dec98\httpclient-4.5.14.jar because it was already located earlier
[02Sep2025 10:32:32.102] [main/DEBUG] [net.neoforged.fml.loading.moddiscovery.ModDiscoverer/]: Skipping C:\Users\Hanzo\.gradle\caches\modules-2\files-2.1\org.apache.httpcomponents\httpcore\4.4.16\51cf043c87253c9f58b539c9f7e44c8894223850\httpcore-4.4.16.jar because it was already located earlier
[02Sep2025 10:32:32.103] [main/DEBUG] [net.neoforged.fml.loading.moddiscovery.ModDiscoverer/]: Skipping C:\Users\Hanzo\.gradle\caches\modules-2\files-2.1\org.jcraft\jorbis\0.0.17\8872d22b293e8f5d7d56ff92be966e6dc28ebdc6\jorbis-0.0.17.jar because it was already located earlier
[02Sep2025 10:32:32.107] [main/DEBUG] [net.neoforged.fml.loading.moddiscovery.ModDiscoverer/]: Skipping C:\Users\Hanzo\.gradle\caches\modules-2\files-2.1\org.joml\joml\1.10.8\fc0a71dad90a2cf41d82a76156a0e700af8e4f8d\joml-1.10.8.jar because it was already located earlier
[02Sep2025 10:32:32.110] [main/DEBUG] [net.neoforged.fml.loading.moddiscovery.ModDiscoverer/]: Skipping C:\Users\Hanzo\.gradle\caches\modules-2\files-2.1\org.lwjgl\lwjgl-freetype\3.3.3\a0db6c84a8becc8ca05f9dbfa985edc348a824c7\lwjgl-freetype-3.3.3.jar because it was already located earlier
[02Sep2025 10:32:32.133] [main/DEBUG] [net.neoforged.fml.loading.moddiscovery.ModDiscoverer/]: Skipping C:\Users\Hanzo\.gradle\caches\modules-2\files-2.1\org.lwjgl\lwjgl-freetype\3.3.3\15a8c1de7f51d07a92eae7ce1222557073a0c0c3\lwjgl-freetype-3.3.3-natives-windows-x86.jar because it was already located earlier
[02Sep2025 10:32:32.133] [main/DEBUG] [net.neoforged.fml.loading.moddiscovery.ModDiscoverer/]: Skipping C:\Users\Hanzo\.gradle\caches\modules-2\files-2.1\org.lwjgl\lwjgl-glfw\3.3.3\efa1eb78c5ccd840e9f329717109b5e892d72f8e\lwjgl-glfw-3.3.3.jar because it was already located earlier
[02Sep2025 10:32:32.134] [fml-loadingscreen/DEBUG] [net.neoforged.fml.earlydisplay.render.elements.MojangLogoElement/]: Failed to load Mojang logo from assets/minecraft/textures/gui/title/mojangstudios.png
[02Sep2025 10:32:32.178] [main/DEBUG] [net.neoforged.fml.loading.moddiscovery.ModDiscoverer/]: Skipping C:\Users\Hanzo\.gradle\caches\modules-2\files-2.1\org.lwjgl\lwjgl-glfw\3.3.3\32334f3fd5270a59bad9939a93115acb6de36dcf\lwjgl-glfw-3.3.3-natives-windows-x86.jar because it was already located earlier
[02Sep2025 10:32:32.179] [main/DEBUG] [net.neoforged.fml.loading.moddiscovery.ModDiscoverer/]: Skipping C:\Users\Hanzo\.gradle\caches\modules-2\files-2.1\org.lwjgl\lwjgl-jemalloc\3.3.3\b543467b7ff3c6920539a88ee602d34098628be5\lwjgl-jemalloc-3.3.3.jar because it was already located earlier
[02Sep2025 10:32:32.179] [main/DEBUG] [net.neoforged.fml.loading.moddiscovery.ModDiscoverer/]: Skipping C:\Users\Hanzo\.gradle\caches\modules-2\files-2.1\org.lwjgl\lwjgl-jemalloc\3.3.3\426222fc027602a5f21b9c0fe79cde6a4c7a011f\lwjgl-jemalloc-3.3.3-natives-windows.jar because it was already located earlier
[02Sep2025 10:32:32.218] [main/DEBUG] [net.neoforged.fml.loading.moddiscovery.ModDiscoverer/]: Skipping C:\Users\Hanzo\.gradle\caches\modules-2\files-2.1\org.lwjgl\lwjgl-openal\3.3.3\daada81ceb5fc0c291fbfdd4433cb8d9423577f2\lwjgl-openal-3.3.3.jar because it was already located earlier
[02Sep2025 10:32:32.236] [main/DEBUG] [net.neoforged.fml.loading.moddiscovery.ModDiscoverer/]: Skipping C:\Users\Hanzo\.gradle\caches\modules-2\files-2.1\org.lwjgl\lwjgl-openal\3.3.3\87b8d5050e3adb46bb58fe1cb2669a4a48fce10d\lwjgl-openal-3.3.3-natives-windows-x86.jar because it was already located earlier
[02Sep2025 10:32:32.237] [main/DEBUG] [net.neoforged.fml.loading.moddiscovery.ModDiscoverer/]: Skipping C:\Users\Hanzo\.gradle\caches\modules-2\files-2.1\org.lwjgl\lwjgl-opengl\3.3.3\2f6b0147078396a58979125a4c947664e98293a\lwjgl-opengl-3.3.3.jar because it was already located earlier
[02Sep2025 10:32:32.248] [main/DEBUG] [net.neoforged.fml.loading.moddiscovery.ModDiscoverer/]: Skipping C:\Users\Hanzo\.gradle\caches\modules-2\files-2.1\org.lwjgl\lwjgl-opengl\3.3.3\65e956d3735a1abdc82eff4baec1b61174697d4b\lwjgl-opengl-3.3.3-natives-windows-arm64.jar because it was already located earlier
[02Sep2025 10:32:32.257] [main/DEBUG] [net.neoforged.fml.loading.moddiscovery.ModDiscoverer/]: Skipping C:\Users\Hanzo\.gradle\caches\modules-2\files-2.1\org.lwjgl\lwjgl-stb\3.3.3\25dd6161988d7e65f71d5065c99902402ee32746\lwjgl-stb-3.3.3.jar because it was already located earlier
[02Sep2025 10:32:32.258] [main/DEBUG] [net.neoforged.fml.loading.moddiscovery.ModDiscoverer/]: Skipping C:\Users\Hanzo\.gradle\caches\modules-2\files-2.1\org.lwjgl\lwjgl-stb\3.3.3\1d9facdf6541de114b0f963be33505b7679c78cb\lwjgl-stb-3.3.3-natives-windows.jar because it was already located earlier
[02Sep2025 10:32:32.274] [main/DEBUG] [net.neoforged.fml.loading.moddiscovery.ModDiscoverer/]: Skipping C:\Users\Hanzo\.gradle\caches\modules-2\files-2.1\org.lwjgl\lwjgl-tinyfd\3.3.3\82d755ca94b102e9ca77283b9e2dc46d1b15fbe5\lwjgl-tinyfd-3.3.3.jar because it was already located earlier
[02Sep2025 10:32:32.274] [main/DEBUG] [net.neoforged.fml.loading.moddiscovery.ModDiscoverer/]: Skipping C:\Users\Hanzo\.gradle\caches\modules-2\files-2.1\org.lwjgl\lwjgl-tinyfd\3.3.3\a6697981b0449a5087c1d546fc08b4f73e8f98c9\lwjgl-tinyfd-3.3.3-natives-windows.jar because it was already located earlier
[02Sep2025 10:32:32.300] [main/DEBUG] [net.neoforged.fml.loading.moddiscovery.ModDiscoverer/]: Skipping C:\Users\Hanzo\.gradle\caches\modules-2\files-2.1\org.lwjgl\lwjgl\3.3.3\29589b5f87ed335a6c7e7ee6a5775f81f97ecb84\lwjgl-3.3.3.jar because it was already located earlier
[02Sep2025 10:32:32.319] [main/DEBUG] [net.neoforged.fml.loading.moddiscovery.ModDiscoverer/]: Skipping C:\Users\Hanzo\.gradle\caches\modules-2\files-2.1\org.lwjgl\lwjgl\3.3.3\9e670718e050aeaeea0c2d5b907cffb142f2e58f\lwjgl-3.3.3-natives-windows-x86.jar because it was already located earlier
[02Sep2025 10:32:32.319] [main/DEBUG] [net.neoforged.fml.loading.moddiscovery.ModDiscoverer/]: Skipping C:\Users\Hanzo\.gradle\caches\modules-2\files-2.1\org.lz4\lz4-java\1.8.0\4b986a99445e49ea5fbf5d149c4b63f6ed6c6780\lz4-java-1.8.0.jar because it was already located earlier
[02Sep2025 10:32:32.319] [main/DEBUG] [net.neoforged.fml.loading.moddiscovery.ModDiscoverer/]: Skipping C:\Users\Hanzo\.gradle\caches\modules-2\files-2.1\org.jline\jline-terminal\3.20.0\d0ddcc708ddf527a3454c941b7b9225cc83a15ff\jline-terminal-3.20.0.jar because it was already located earlier
[02Sep2025 10:32:32.320] [main/DEBUG] [net.neoforged.fml.loading.moddiscovery.ModDiscoverer/]: Skipping C:\Users\Hanzo\.gradle\caches\modules-2\files-2.1\com.google.errorprone\error_prone_annotations\2.28.0\59fc00087ce372de42e394d2c789295dff2d19f0\error_prone_annotations-2.28.0.jar because it was already located earlier
[02Sep2025 10:32:32.320] [main/DEBUG] [net.neoforged.fml.loading.moddiscovery.ModDiscoverer/]: Skipping C:\Users\Hanzo\.gradle\caches\modules-2\files-2.1\com.google.guava\listenablefuture\9999.0-empty-to-avoid-conflict-with-guava\b421526c5f297295adef1c886e5246c39d4ac629\listenablefuture-9999.0-empty-to-avoid-conflict-with-guava.jar because it was already located earlier
[02Sep2025 10:32:32.321] [main/DEBUG] [net.neoforged.fml.loading.moddiscovery.ModDiscoverer/]: Skipping C:\Users\Hanzo\.gradle\caches\modules-2\files-2.1\com.google.code.findbugs\jsr305\3.0.2\25ea2e8b0c338a877313bd4672d3fe056ea78f0d\jsr305-3.0.2.jar because it was already located earlier
[02Sep2025 10:32:32.321] [main/DEBUG] [net.neoforged.fml.loading.moddiscovery.ModDiscoverer/]: Skipping C:\Users\Hanzo\.gradle\caches\modules-2\files-2.1\org.checkerframework\checker-qual\3.43.0\9425eee39e56b116d2b998b7c2cebcbd11a3c98b\checker-qual-3.43.0.jar because it was already located earlier
[02Sep2025 10:32:32.324] [main/DEBUG] [net.neoforged.fml.loading.moddiscovery.ModDiscoverer/]: Skipping C:\Users\Hanzo\.gradle\caches\modules-2\files-2.1\com.google.j2objc\j2objc-annotations\3.0.0\7399e65dd7e9ff3404f4535b2f017093bdb134c7\j2objc-annotations-3.0.0.jar because it was already located earlier
[02Sep2025 10:32:32.331] [main/DEBUG] [net.neoforged.fml.loading.UniqueModListBuilder/]: Found 2 mods for first modid neoforge, selecting most recent based on version data
[02Sep2025 10:32:32.332] [main/DEBUG] [net.neoforged.fml.loading.UniqueModListBuilder/]: Selected file neoforge-21.8.40.jar for modid neoforge with version 21.8.40
[02Sep2025 10:32:33.355] [main/INFO] [net.neoforged.fml.loading.moddiscovery.locators.JarInJarDependencyLocator/]: Found 10 dependencies adding them to mods collection
[02Sep2025 10:32:33.361] [main/INFO] [net.neoforged.fml.loading.moddiscovery.ModDiscoverer/]: 
     Mod List:
		Name Version (Mod Id)

		Everything Japanese 1.13.0 (everythingjapanese)
		GeckoLib 5 5.2.2 (geckolib)
		Kotlin For Forge 6.0.0 (kotlinforforge)
		Minecraft 1.21.8 (minecraft)
		NeoForge 21.8.40 (neoforge)
[02Sep2025 10:32:33.366] [main/DEBUG] [net.neoforged.fml.loading.moddiscovery.ModFileInfo/LOADING]: Found valid mod file neoforge-21.8.40.jar with {minecraft} mods - versions {1.21.8}
[02Sep2025 10:32:33.376] [main/DEBUG] [net.neoforged.fml.loading.moddiscovery.ModFile/LOADING]: Loading mod file C:\Users\Hanzo\IdeaProjects\EverythingJapanese\build\moddev\artifacts\neoforge-21.8.40.jar with languages [LanguageSpec[languageName=minecraft, acceptedVersions=1]]
[02Sep2025 10:32:33.381] [main/DEBUG] [net.neoforged.fml.loading.moddiscovery.ModFileParser/LOADING]: Considering mod file candidate C:\Users\Hanzo\IdeaProjects\EverythingJapanese\build\sourcesSets\main
[02Sep2025 10:32:33.388] [main/DEBUG] [net.neoforged.fml.loading.moddiscovery.ModFileInfo/LOADING]: Found valid mod file main with {everythingjapanese} mods - versions {1.13.0}
[02Sep2025 10:32:33.391] [main/DEBUG] [net.neoforged.fml.loading.moddiscovery.ModFile/LOADING]: Loading mod file C:\Users\Hanzo\IdeaProjects\EverythingJapanese\build\sourcesSets\main with languages [LanguageSpec[languageName=kotlinforforge, acceptedVersions=[6.0,)]]
[02Sep2025 10:32:33.395] [main/DEBUG] [net.neoforged.fml.loading.moddiscovery.ModFileParser/LOADING]: Considering mod file candidate C:\Users\Hanzo\.gradle\caches\modules-2\files-2.1\software.bernie.geckolib\geckolib-neoforge-1.21.8\5.2.2\b52e2c10766d3f3f0965b3fabdd39e71e0b28fd5\geckolib-neoforge-1.21.8-5.2.2.jar
[02Sep2025 10:32:33.399] [main/DEBUG] [net.neoforged.fml.loading.moddiscovery.ModFileInfo/LOADING]: Found valid mod file geckolib-neoforge-1.21.8-5.2.2.jar with {geckolib} mods - versions {5.2.2}
[02Sep2025 10:32:33.400] [main/DEBUG] [net.neoforged.fml.loading.moddiscovery.ModFile/LOADING]: Loading mod file C:\Users\Hanzo\.gradle\caches\modules-2\files-2.1\software.bernie.geckolib\geckolib-neoforge-1.21.8\5.2.2\b52e2c10766d3f3f0965b3fabdd39e71e0b28fd5\geckolib-neoforge-1.21.8-5.2.2.jar with languages [LanguageSpec[languageName=javafml, acceptedVersions=[5,)]]
[02Sep2025 10:32:33.403] [main/DEBUG] [net.neoforged.fml.loading.moddiscovery.ModFile/LOADING]: Found mixin config MixinConfig[config=geckolib.mixins.json, requiredMods=[]]
[02Sep2025 10:32:33.404] [main/DEBUG] [net.neoforged.fml.loading.moddiscovery.ModFileParser/LOADING]: Considering mod file candidate C:\Users\Hanzo\.m2\repository\thedarkcolour\kffmod-neoforge\6.0.0\kffmod-neoforge-6.0.0.jar
[02Sep2025 10:32:33.409] [main/DEBUG] [net.neoforged.fml.loading.moddiscovery.ModFileInfo/LOADING]: Found valid mod file kffmod-neoforge-6.0.0.jar with {kotlinforforge} mods - versions {6.0.0}
[02Sep2025 10:32:33.412] [main/DEBUG] [net.neoforged.fml.loading.moddiscovery.ModFile/LOADING]: Loading mod file C:\Users\Hanzo\.m2\repository\thedarkcolour\kffmod-neoforge\6.0.0\kffmod-neoforge-6.0.0.jar with languages [LanguageSpec[languageName=kotlinforforge, acceptedVersions=[5,)]]
[02Sep2025 10:32:33.413] [main/DEBUG] [net.neoforged.fml.loading.moddiscovery.ModFileParser/LOADING]: Considering mod file candidate C:\Users\Hanzo\IdeaProjects\EverythingJapanese\build\moddev\artifacts\neoforge-21.8.40.jar
[02Sep2025 10:32:33.417] [main/DEBUG] [net.neoforged.fml.loading.moddiscovery.ModFileInfo/LOADING]: Found valid mod file neoforge-21.8.40.jar with {neoforge} mods - versions {21.8.40}
[02Sep2025 10:32:33.418] [main/DEBUG] [net.neoforged.fml.loading.moddiscovery.ModFile/LOADING]: Loading mod file C:\Users\Hanzo\IdeaProjects\EverythingJapanese\build\moddev\artifacts\neoforge-21.8.40.jar with languages [LanguageSpec[languageName=javafml, acceptedVersions=[3,]]]
[02Sep2025 10:32:33.418] [main/DEBUG] [net.neoforged.fml.loading.moddiscovery.ModFile/LOADING]: Found mixin config MixinConfig[config=neoforge.mixins.json, requiredMods=[]]
[02Sep2025 10:32:33.419] [main/DEBUG] [net.neoforged.fml.loading.moddiscovery.ModFile/LOADING]: Loading mod file C:\Users\Hanzo\.m2\repository\thedarkcolour\kfflib-neoforge\6.0.0\kfflib-neoforge-6.0.0.jar with languages []
[02Sep2025 10:32:33.421] [main/DEBUG] [net.neoforged.fml.loading.moddiscovery.ModFile/LOADING]: Loading mod file  with languages []
[02Sep2025 10:32:33.425] [main/DEBUG] [cpw.mods.modlauncher.TransformationServiceDecorator/MODLAUNCHER]: End scan trigger - transformation service fml
[02Sep2025 10:32:33.513] [main/DEBUG] [net.neoforged.fml.util.ServiceLoaderUtil/CORE]: Found 3 implementations of IModLanguageLoader:
[02Sep2025 10:32:33.514] [main/DEBUG] [net.neoforged.fml.util.ServiceLoaderUtil/CORE]: 	thedarkcolour.kotlinforforge.neoforge.KotlinLanguageLoader from kfflang-neoforge-6.0.0.jar
[02Sep2025 10:32:33.514] [main/DEBUG] [net.neoforged.fml.util.ServiceLoaderUtil/CORE]: 	net.neoforged.fml.javafmlmod.FMLJavaModLanguageProvider from loader-9.0.18.jar
[02Sep2025 10:32:33.515] [main/DEBUG] [net.neoforged.fml.util.ServiceLoaderUtil/CORE]: 	net.neoforged.fml.mclanguageprovider.MinecraftModLanguageProvider from loader-9.0.18.jar
[02Sep2025 10:32:33.515] [main/DEBUG] [net.neoforged.fml.loading.LanguageProviderLoader/CORE]: Found language provider kotlinforforge, version 6.0.0
[02Sep2025 10:32:33.516] [main/DEBUG] [net.neoforged.fml.loading.LanguageProviderLoader/CORE]: Found language provider javafml, version 9.0.18
[02Sep2025 10:32:33.517] [main/DEBUG] [net.neoforged.fml.loading.LanguageProviderLoader/CORE]: Found language provider minecraft, version 9.0.18
[02Sep2025 10:32:33.533] [main/DEBUG] [net.neoforged.fml.loading.ModSorter/]: Configured system mods: [minecraft, neoforge]
[02Sep2025 10:32:33.533] [main/DEBUG] [net.neoforged.fml.loading.ModSorter/]: Found system mod: minecraft
[02Sep2025 10:32:33.533] [main/DEBUG] [net.neoforged.fml.loading.ModSorter/]: Found system mod: neoforge
[02Sep2025 10:32:33.542] [main/DEBUG] [net.neoforged.fml.loading.ModSorter/LOADING]: Found 6 mod requirements (6 mandatory, 0 optional)
[02Sep2025 10:32:33.544] [main/DEBUG] [net.neoforged.fml.loading.ModSorter/LOADING]: Found 0 mod requirements missing (0 mandatory, 0 optional)
[02Sep2025 10:32:33.746] [main/DEBUG] [mixin/]: Adding mixin platform agents for container net.neoforged.fml.loading.mixin.FMLMixinContainerHandle@320494b6
[02Sep2025 10:32:33.747] [main/DEBUG] [mixin/]: Instancing new MixinPlatformAgentMinecraftForge for net.neoforged.fml.loading.mixin.FMLMixinContainerHandle@320494b6
[02Sep2025 10:32:33.747] [main/DEBUG] [mixin/]: MixinPlatformAgentMinecraftForge rejected container net.neoforged.fml.loading.mixin.FMLMixinContainerHandle@320494b6
[02Sep2025 10:32:33.747] [main/DEBUG] [mixin/]: Instancing new MixinPlatformAgentDefault for net.neoforged.fml.loading.mixin.FMLMixinContainerHandle@320494b6
[02Sep2025 10:32:33.747] [main/DEBUG] [mixin/]: MixinPlatformAgentDefault accepted container net.neoforged.fml.loading.mixin.FMLMixinContainerHandle@320494b6
[02Sep2025 10:32:33.748] [main/DEBUG] [mixin/]: Instancing new FMLMixinPlatformAgent for net.neoforged.fml.loading.mixin.FMLMixinContainerHandle@320494b6
[02Sep2025 10:32:33.748] [main/DEBUG] [mixin/]: FMLMixinPlatformAgent accepted container net.neoforged.fml.loading.mixin.FMLMixinContainerHandle@320494b6
[02Sep2025 10:32:33.827] [main/DEBUG] [cpw.mods.modlauncher.TransformationServicesHandler/MODLAUNCHER]: Transformation services loading transformers
[02Sep2025 10:32:33.828] [main/DEBUG] [cpw.mods.modlauncher.TransformationServiceDecorator/MODLAUNCHER]: Initializing transformers for transformation service mixin
[02Sep2025 10:32:33.842] [main/DEBUG] [cpw.mods.modlauncher.TransformationServiceDecorator/MODLAUNCHER]: Initialized transformers for transformation service mixin
[02Sep2025 10:32:33.842] [main/DEBUG] [cpw.mods.modlauncher.TransformationServiceDecorator/MODLAUNCHER]: Initializing transformers for transformation service fml
[02Sep2025 10:32:33.842] [main/DEBUG] [net.neoforged.fml.loading.FMLServiceProvider/LOADING]: Loading coremod transformers
[02Sep2025 10:32:33.848] [main/DEBUG] [net.neoforged.fml.util.ServiceLoaderUtil/CORE]: Found 1 implementations of ICoreMod:
[02Sep2025 10:32:33.853] [main/DEBUG] [net.neoforged.fml.util.ServiceLoaderUtil/CORE]: 	net.neoforged.neoforge.coremods.NeoForgeCoreMod from neoforge-21.8.40.jar > net.neoforged.neoforge-coremods-21.8.40.jar
[02Sep2025 10:32:33.932] [main/DEBUG] [net.neoforged.fml.loading.FMLServiceProvider/CORE]: Adding [Target[className=net.minecraft.world.level.biome.Biome, elementName=, elementDescriptor=, targetType=cpw.mods.modlauncher.api.TargetType@22295ec4]] transformer from core-mod net.neoforged.neoforge.coremods.NeoForgeCoreMod@5cd61783 in neoforge-21.8.40.jar > net.neoforged.neoforge-coremods-21.8.40.jar
[02Sep2025 10:32:33.932] [main/DEBUG] [net.neoforged.fml.loading.FMLServiceProvider/CORE]: Adding [Target[className=net.minecraft.world.level.levelgen.structure.Structure, elementName=, elementDescriptor=, targetType=cpw.mods.modlauncher.api.TargetType@22295ec4]] transformer from core-mod net.neoforged.neoforge.coremods.NeoForgeCoreMod@5cd61783 in neoforge-21.8.40.jar > net.neoforged.neoforge-coremods-21.8.40.jar
[02Sep2025 10:32:33.933] [main/DEBUG] [net.neoforged.fml.loading.FMLServiceProvider/CORE]: Adding [Target[className=net.minecraft.world.level.block.FlowerPotBlock, elementName=, elementDescriptor=, targetType=cpw.mods.modlauncher.api.TargetType@22295ec4]] transformer from core-mod net.neoforged.neoforge.coremods.NeoForgeCoreMod@5cd61783 in neoforge-21.8.40.jar > net.neoforged.neoforge-coremods-21.8.40.jar
[02Sep2025 10:32:33.933] [main/DEBUG] [net.neoforged.fml.loading.FMLServiceProvider/CORE]: Adding [Target[className=net/minecraft/world/entity/ai/village/VillageSiege, elementName=, elementDescriptor=, targetType=cpw.mods.modlauncher.api.TargetType@22295ec4], Target[className=net/minecraft/world/level/NaturalSpawner, elementName=, elementDescriptor=, targetType=cpw.mods.modlauncher.api.TargetType@22295ec4], Target[className=net/minecraft/world/entity/monster/Spider, elementName=, elementDescriptor=, targetType=cpw.mods.modlauncher.api.TargetType@22295ec4], Target[className=net/minecraft/world/entity/monster/Zombie, elementName=, elementDescriptor=, targetType=cpw.mods.modlauncher.api.TargetType@22295ec4], Target[className=net/minecraft/world/entity/monster/Strider, elementName=, elementDescriptor=, targetType=cpw.mods.modlauncher.api.TargetType@22295ec4], Target[className=net/minecraft/world/entity/npc/CatSpawner, elementName=, elementDescriptor=, targetType=cpw.mods.modlauncher.api.TargetType@22295ec4], Target[className=net/minecraft/world/entity/EntityType, elementName=, elementDescriptor=, targetType=cpw.mods.modlauncher.api.TargetType@22295ec4], Target[className=net/minecraft/world/entity/animal/horse/SkeletonTrapGoal, elementName=, elementDescriptor=, targetType=cpw.mods.modlauncher.api.TargetType@22295ec4], Target[className=net/minecraft/server/commands/RaidCommand, elementName=, elementDescriptor=, targetType=cpw.mods.modlauncher.api.TargetType@22295ec4], Target[className=net/minecraft/world/level/levelgen/structure/structures/WoodlandMansionPieces$WoodlandMansionPiece, elementName=, elementDescriptor=, targetType=cpw.mods.modlauncher.api.TargetType@22295ec4], Target[className=net/minecraft/server/commands/SummonCommand, elementName=, elementDescriptor=, targetType=cpw.mods.modlauncher.api.TargetType@22295ec4], Target[className=net/minecraft/world/entity/animal/frog/Tadpole, elementName=, elementDescriptor=, targetType=cpw.mods.modlauncher.api.TargetType@22295ec4], Target[className=net/minecraft/world/entity/monster/Evoker$EvokerSummonSpellGoal, elementName=, elementDescriptor=, targetType=cpw.mods.modlauncher.api.TargetType@22295ec4], Target[className=net/minecraft/world/level/levelgen/structure/structures/SwampHutPiece, elementName=, elementDescriptor=, targetType=cpw.mods.modlauncher.api.TargetType@22295ec4], Target[className=net/minecraft/world/entity/raid/Raid, elementName=, elementDescriptor=, targetType=cpw.mods.modlauncher.api.TargetType@22295ec4], Target[className=net/minecraft/world/level/levelgen/structure/templatesystem/StructureTemplate, elementName=, elementDescriptor=, targetType=cpw.mods.modlauncher.api.TargetType@22295ec4], Target[className=net/minecraft/world/level/levelgen/structure/structures/OceanMonumentPieces$OceanMonumentPiece, elementName=, elementDescriptor=, targetType=cpw.mods.modlauncher.api.TargetType@22295ec4], Target[className=net/minecraft/world/level/levelgen/PatrolSpawner, elementName=, elementDescriptor=, targetType=cpw.mods.modlauncher.api.TargetType@22295ec4], Target[className=net/minecraft/world/entity/monster/ZombieVillager, elementName=, elementDescriptor=, targetType=cpw.mods.modlauncher.api.TargetType@22295ec4], Target[className=net/minecraft/world/entity/npc/Villager, elementName=, elementDescriptor=, targetType=cpw.mods.modlauncher.api.TargetType@22295ec4], Target[className=net/minecraft/world/level/levelgen/structure/structures/OceanRuinPieces$OceanRuinPiece, elementName=, elementDescriptor=, targetType=cpw.mods.modlauncher.api.TargetType@22295ec4], Target[className=net/minecraft/world/level/levelgen/PhantomSpawner, elementName=, elementDescriptor=, targetType=cpw.mods.modlauncher.api.TargetType@22295ec4]] transformer from core-mod net.neoforged.neoforge.coremods.NeoForgeCoreMod@5cd61783 in neoforge-21.8.40.jar > net.neoforged.neoforge-coremods-21.8.40.jar
[02Sep2025 10:32:33.964] [main/DEBUG] [cpw.mods.modlauncher.TransformStore/MODLAUNCHER]: Adding transformer net.neoforged.neoforge.coremods.ReplaceFieldWithGetterAccess@1949309d to Target : cpw.mods.modlauncher.api.TargetType@22295ec4 {Lnet/minecraft/world/level/biome/Biome;} {} {V}
[02Sep2025 10:32:33.975] [main/DEBUG] [cpw.mods.modlauncher.TransformStore/MODLAUNCHER]: Adding transformer net.neoforged.neoforge.coremods.ReplaceFieldWithGetterAccess@2a22ad2b to Target : cpw.mods.modlauncher.api.TargetType@22295ec4 {Lnet/minecraft/world/level/levelgen/structure/Structure;} {} {V}
[02Sep2025 10:32:33.975] [main/DEBUG] [cpw.mods.modlauncher.TransformStore/MODLAUNCHER]: Adding transformer net.neoforged.neoforge.coremods.ReplaceFieldWithGetterAccess@48c3205a to Target : cpw.mods.modlauncher.api.TargetType@22295ec4 {Lnet/minecraft/world/level/block/FlowerPotBlock;} {} {V}
[02Sep2025 10:32:33.976] [main/DEBUG] [cpw.mods.modlauncher.TransformStore/MODLAUNCHER]: Adding transformer net.neoforged.neoforge.coremods.MethodRedirector@121c54fa to Target : cpw.mods.modlauncher.api.TargetType@22295ec4 {Lnet/minecraft/world/entity/ai/village/VillageSiege;} {} {V}
[02Sep2025 10:32:33.976] [main/DEBUG] [cpw.mods.modlauncher.TransformStore/MODLAUNCHER]: Adding transformer net.neoforged.neoforge.coremods.MethodRedirector@121c54fa to Target : cpw.mods.modlauncher.api.TargetType@22295ec4 {Lnet/minecraft/world/level/NaturalSpawner;} {} {V}
[02Sep2025 10:32:33.977] [main/DEBUG] [cpw.mods.modlauncher.TransformStore/MODLAUNCHER]: Adding transformer net.neoforged.neoforge.coremods.MethodRedirector@121c54fa to Target : cpw.mods.modlauncher.api.TargetType@22295ec4 {Lnet/minecraft/world/entity/monster/Spider;} {} {V}
[02Sep2025 10:32:33.977] [main/DEBUG] [cpw.mods.modlauncher.TransformStore/MODLAUNCHER]: Adding transformer net.neoforged.neoforge.coremods.MethodRedirector@121c54fa to Target : cpw.mods.modlauncher.api.TargetType@22295ec4 {Lnet/minecraft/world/entity/monster/Zombie;} {} {V}
[02Sep2025 10:32:33.978] [main/DEBUG] [cpw.mods.modlauncher.TransformStore/MODLAUNCHER]: Adding transformer net.neoforged.neoforge.coremods.MethodRedirector@121c54fa to Target : cpw.mods.modlauncher.api.TargetType@22295ec4 {Lnet/minecraft/world/entity/monster/Strider;} {} {V}
[02Sep2025 10:32:33.978] [main/DEBUG] [cpw.mods.modlauncher.TransformStore/MODLAUNCHER]: Adding transformer net.neoforged.neoforge.coremods.MethodRedirector@121c54fa to Target : cpw.mods.modlauncher.api.TargetType@22295ec4 {Lnet/minecraft/world/entity/npc/CatSpawner;} {} {V}
[02Sep2025 10:32:33.979] [main/DEBUG] [cpw.mods.modlauncher.TransformStore/MODLAUNCHER]: Adding transformer net.neoforged.neoforge.coremods.MethodRedirector@121c54fa to Target : cpw.mods.modlauncher.api.TargetType@22295ec4 {Lnet/minecraft/world/entity/EntityType;} {} {V}
[02Sep2025 10:32:33.979] [main/DEBUG] [cpw.mods.modlauncher.TransformStore/MODLAUNCHER]: Adding transformer net.neoforged.neoforge.coremods.MethodRedirector@121c54fa to Target : cpw.mods.modlauncher.api.TargetType@22295ec4 {Lnet/minecraft/world/entity/animal/horse/SkeletonTrapGoal;} {} {V}
[02Sep2025 10:32:33.979] [main/DEBUG] [cpw.mods.modlauncher.TransformStore/MODLAUNCHER]: Adding transformer net.neoforged.neoforge.coremods.MethodRedirector@121c54fa to Target : cpw.mods.modlauncher.api.TargetType@22295ec4 {Lnet/minecraft/server/commands/RaidCommand;} {} {V}
[02Sep2025 10:32:33.980] [main/DEBUG] [cpw.mods.modlauncher.TransformStore/MODLAUNCHER]: Adding transformer net.neoforged.neoforge.coremods.MethodRedirector@121c54fa to Target : cpw.mods.modlauncher.api.TargetType@22295ec4 {Lnet/minecraft/world/level/levelgen/structure/structures/WoodlandMansionPieces$WoodlandMansionPiece;} {} {V}
[02Sep2025 10:32:33.980] [main/DEBUG] [cpw.mods.modlauncher.TransformStore/MODLAUNCHER]: Adding transformer net.neoforged.neoforge.coremods.MethodRedirector@121c54fa to Target : cpw.mods.modlauncher.api.TargetType@22295ec4 {Lnet/minecraft/server/commands/SummonCommand;} {} {V}
[02Sep2025 10:32:33.980] [main/DEBUG] [cpw.mods.modlauncher.TransformStore/MODLAUNCHER]: Adding transformer net.neoforged.neoforge.coremods.MethodRedirector@121c54fa to Target : cpw.mods.modlauncher.api.TargetType@22295ec4 {Lnet/minecraft/world/entity/animal/frog/Tadpole;} {} {V}
[02Sep2025 10:32:33.981] [main/DEBUG] [cpw.mods.modlauncher.TransformStore/MODLAUNCHER]: Adding transformer net.neoforged.neoforge.coremods.MethodRedirector@121c54fa to Target : cpw.mods.modlauncher.api.TargetType@22295ec4 {Lnet/minecraft/world/entity/monster/Evoker$EvokerSummonSpellGoal;} {} {V}
[02Sep2025 10:32:33.981] [main/DEBUG] [cpw.mods.modlauncher.TransformStore/MODLAUNCHER]: Adding transformer net.neoforged.neoforge.coremods.MethodRedirector@121c54fa to Target : cpw.mods.modlauncher.api.TargetType@22295ec4 {Lnet/minecraft/world/level/levelgen/structure/structures/SwampHutPiece;} {} {V}
[02Sep2025 10:32:33.981] [main/DEBUG] [cpw.mods.modlauncher.TransformStore/MODLAUNCHER]: Adding transformer net.neoforged.neoforge.coremods.MethodRedirector@121c54fa to Target : cpw.mods.modlauncher.api.TargetType@22295ec4 {Lnet/minecraft/world/entity/raid/Raid;} {} {V}
[02Sep2025 10:32:33.982] [main/DEBUG] [cpw.mods.modlauncher.TransformStore/MODLAUNCHER]: Adding transformer net.neoforged.neoforge.coremods.MethodRedirector@121c54fa to Target : cpw.mods.modlauncher.api.TargetType@22295ec4 {Lnet/minecraft/world/level/levelgen/structure/templatesystem/StructureTemplate;} {} {V}
[02Sep2025 10:32:33.982] [main/DEBUG] [cpw.mods.modlauncher.TransformStore/MODLAUNCHER]: Adding transformer net.neoforged.neoforge.coremods.MethodRedirector@121c54fa to Target : cpw.mods.modlauncher.api.TargetType@22295ec4 {Lnet/minecraft/world/level/levelgen/structure/structures/OceanMonumentPieces$OceanMonumentPiece;} {} {V}
[02Sep2025 10:32:33.983] [main/DEBUG] [cpw.mods.modlauncher.TransformStore/MODLAUNCHER]: Adding transformer net.neoforged.neoforge.coremods.MethodRedirector@121c54fa to Target : cpw.mods.modlauncher.api.TargetType@22295ec4 {Lnet/minecraft/world/level/levelgen/PatrolSpawner;} {} {V}
[02Sep2025 10:32:33.983] [main/DEBUG] [cpw.mods.modlauncher.TransformStore/MODLAUNCHER]: Adding transformer net.neoforged.neoforge.coremods.MethodRedirector@121c54fa to Target : cpw.mods.modlauncher.api.TargetType@22295ec4 {Lnet/minecraft/world/entity/monster/ZombieVillager;} {} {V}
[02Sep2025 10:32:33.983] [main/DEBUG] [cpw.mods.modlauncher.TransformStore/MODLAUNCHER]: Adding transformer net.neoforged.neoforge.coremods.MethodRedirector@121c54fa to Target : cpw.mods.modlauncher.api.TargetType@22295ec4 {Lnet/minecraft/world/entity/npc/Villager;} {} {V}
[02Sep2025 10:32:33.984] [main/DEBUG] [cpw.mods.modlauncher.TransformStore/MODLAUNCHER]: Adding transformer net.neoforged.neoforge.coremods.MethodRedirector@121c54fa to Target : cpw.mods.modlauncher.api.TargetType@22295ec4 {Lnet/minecraft/world/level/levelgen/structure/structures/OceanRuinPieces$OceanRuinPiece;} {} {V}
[02Sep2025 10:32:33.984] [main/DEBUG] [cpw.mods.modlauncher.TransformStore/MODLAUNCHER]: Adding transformer net.neoforged.neoforge.coremods.MethodRedirector@121c54fa to Target : cpw.mods.modlauncher.api.TargetType@22295ec4 {Lnet/minecraft/world/level/levelgen/PhantomSpawner;} {} {V}
[02Sep2025 10:32:33.984] [main/DEBUG] [cpw.mods.modlauncher.TransformationServiceDecorator/MODLAUNCHER]: Initialized transformers for transformation service fml
[02Sep2025 10:32:36.838] [main/DEBUG] [mixin/]: Processing prepare() for PlatformAgent[MixinPlatformAgentDefault:ModLauncher Root Container(ModLauncher:4f56a0a2)]
[02Sep2025 10:32:36.839] [main/DEBUG] [mixin/]: Processing prepare() for PlatformAgent[MixinPlatformAgentDefault:net.neoforged.fml.loading.mixin.FMLMixinContainerHandle@320494b6]
[02Sep2025 10:32:36.840] [main/DEBUG] [mixin/]: Processing prepare() for PlatformAgent[FMLMixinPlatformAgent:null]
[02Sep2025 10:32:36.942] [main/DEBUG] [mixin/]: Compatibility level JAVA_17 specified by geckolib.mixins.json is higher than the maximum level supported by this version of mixin (JAVA_13).
[02Sep2025 10:32:36.957] [main/INFO] [mixin/]: Compatibility level set to JAVA_17
[02Sep2025 10:32:36.962] [main/DEBUG] [mixin/]: Registering mixin config: everythingjapanese.mixins.json source=null
[02Sep2025 10:32:36.967] [main/DEBUG] [mixin/]: Compatibility level JAVA_21 specified by everythingjapanese.mixins.json is higher than the maximum level supported by this version of mixin (JAVA_13).
[02Sep2025 10:32:36.968] [main/INFO] [mixin/]: Compatibility level set to JAVA_21
[02Sep2025 10:32:36.969] [main/DEBUG] [mixin/]: Processing launch tasks for PlatformAgent[MixinPlatformAgentDefault:ModLauncher Root Container(ModLauncher:4f56a0a2)]
[02Sep2025 10:32:36.969] [main/DEBUG] [mixin/]: Adding mixin platform agents for container SecureJarResource(mixin_synthetic)
[02Sep2025 10:32:36.970] [main/DEBUG] [mixin/]: Instancing new MixinPlatformAgentMinecraftForge for SecureJarResource(mixin_synthetic)
[02Sep2025 10:32:36.970] [main/DEBUG] [mixin/]: MixinPlatformAgentMinecraftForge rejected container SecureJarResource(mixin_synthetic)
[02Sep2025 10:32:36.971] [main/DEBUG] [mixin/]: Instancing new MixinPlatformAgentDefault for SecureJarResource(mixin_synthetic)
[02Sep2025 10:32:36.974] [main/DEBUG] [mixin/]: MixinPlatformAgentDefault accepted container SecureJarResource(mixin_synthetic)
[02Sep2025 10:32:36.974] [main/DEBUG] [mixin/]: Instancing new FMLMixinPlatformAgent for SecureJarResource(mixin_synthetic)
[02Sep2025 10:32:36.977] [main/DEBUG] [mixin/]: FMLMixinPlatformAgent rejected container SecureJarResource(mixin_synthetic)
[02Sep2025 10:32:36.977] [main/DEBUG] [mixin/]: Processing prepare() for PlatformAgent[MixinPlatformAgentDefault:SecureJarResource(mixin_synthetic)]
[02Sep2025 10:32:36.977] [main/DEBUG] [mixin/]: Adding mixin platform agents for container SecureJarResource(minecraft)
[02Sep2025 10:32:36.978] [main/DEBUG] [mixin/]: Instancing new MixinPlatformAgentMinecraftForge for SecureJarResource(minecraft)
[02Sep2025 10:32:36.978] [main/DEBUG] [mixin/]: MixinPlatformAgentMinecraftForge rejected container SecureJarResource(minecraft)
[02Sep2025 10:32:36.980] [main/DEBUG] [mixin/]: Instancing new MixinPlatformAgentDefault for SecureJarResource(minecraft)
[02Sep2025 10:32:36.981] [main/DEBUG] [mixin/]: MixinPlatformAgentDefault accepted container SecureJarResource(minecraft)
[02Sep2025 10:32:36.981] [main/DEBUG] [mixin/]: Instancing new FMLMixinPlatformAgent for SecureJarResource(minecraft)
[02Sep2025 10:32:36.981] [main/DEBUG] [mixin/]: FMLMixinPlatformAgent rejected container SecureJarResource(minecraft)
[02Sep2025 10:32:36.982] [main/DEBUG] [mixin/]: Processing prepare() for PlatformAgent[MixinPlatformAgentDefault:SecureJarResource(minecraft)]
[02Sep2025 10:32:36.982] [main/DEBUG] [mixin/]: Adding mixin platform agents for container SecureJarResource(kotlinforforge)
[02Sep2025 10:32:36.982] [main/DEBUG] [mixin/]: Instancing new MixinPlatformAgentMinecraftForge for SecureJarResource(kotlinforforge)
[02Sep2025 10:32:36.982] [main/DEBUG] [mixin/]: MixinPlatformAgentMinecraftForge rejected container SecureJarResource(kotlinforforge)
[02Sep2025 10:32:36.982] [main/DEBUG] [mixin/]: Instancing new MixinPlatformAgentDefault for SecureJarResource(kotlinforforge)
[02Sep2025 10:32:36.983] [main/DEBUG] [mixin/]: MixinPlatformAgentDefault accepted container SecureJarResource(kotlinforforge)
[02Sep2025 10:32:36.983] [main/DEBUG] [mixin/]: Instancing new FMLMixinPlatformAgent for SecureJarResource(kotlinforforge)
[02Sep2025 10:32:36.983] [main/DEBUG] [mixin/]: FMLMixinPlatformAgent rejected container SecureJarResource(kotlinforforge)
[02Sep2025 10:32:36.983] [main/DEBUG] [mixin/]: Processing prepare() for PlatformAgent[MixinPlatformAgentDefault:SecureJarResource(kotlinforforge)]
[02Sep2025 10:32:36.984] [main/DEBUG] [mixin/]: Adding mixin platform agents for container SecureJarResource(everythingjapanese)
[02Sep2025 10:32:36.984] [main/DEBUG] [mixin/]: Instancing new MixinPlatformAgentMinecraftForge for SecureJarResource(everythingjapanese)
[02Sep2025 10:32:36.984] [main/DEBUG] [mixin/]: MixinPlatformAgentMinecraftForge rejected container SecureJarResource(everythingjapanese)
[02Sep2025 10:32:36.984] [main/DEBUG] [mixin/]: Instancing new MixinPlatformAgentDefault for SecureJarResource(everythingjapanese)
[02Sep2025 10:32:36.985] [main/DEBUG] [mixin/]: MixinPlatformAgentDefault accepted container SecureJarResource(everythingjapanese)
[02Sep2025 10:32:36.985] [main/DEBUG] [mixin/]: Instancing new FMLMixinPlatformAgent for SecureJarResource(everythingjapanese)
[02Sep2025 10:32:36.985] [main/DEBUG] [mixin/]: FMLMixinPlatformAgent rejected container SecureJarResource(everythingjapanese)
[02Sep2025 10:32:36.985] [main/DEBUG] [mixin/]: Processing prepare() for PlatformAgent[MixinPlatformAgentDefault:SecureJarResource(everythingjapanese)]
[02Sep2025 10:32:36.986] [main/DEBUG] [mixin/]: Adding mixin platform agents for container SecureJarResource(geckolib)
[02Sep2025 10:32:36.986] [main/DEBUG] [mixin/]: Instancing new MixinPlatformAgentMinecraftForge for SecureJarResource(geckolib)
[02Sep2025 10:32:36.986] [main/DEBUG] [mixin/]: MixinPlatformAgentMinecraftForge rejected container SecureJarResource(geckolib)
[02Sep2025 10:32:36.986] [main/DEBUG] [mixin/]: Instancing new MixinPlatformAgentDefault for SecureJarResource(geckolib)
[02Sep2025 10:32:36.987] [main/DEBUG] [mixin/]: MixinPlatformAgentDefault accepted container SecureJarResource(geckolib)
[02Sep2025 10:32:36.987] [main/DEBUG] [mixin/]: Instancing new FMLMixinPlatformAgent for SecureJarResource(geckolib)
[02Sep2025 10:32:36.987] [main/DEBUG] [mixin/]: FMLMixinPlatformAgent rejected container SecureJarResource(geckolib)
[02Sep2025 10:32:36.990] [main/DEBUG] [mixin/]: Processing prepare() for PlatformAgent[MixinPlatformAgentDefault:SecureJarResource(geckolib)]
[02Sep2025 10:32:36.991] [main/DEBUG] [mixin/]: Registering mixin config: geckolib.mixins.json source=SecureJarResource(geckolib)
[02Sep2025 10:32:36.991] [main/DEBUG] [mixin/]: Adding mixin platform agents for container SecureJarResource(thedarkcolour.kotlinforforge.lib.neoforge)
[02Sep2025 10:32:36.991] [main/DEBUG] [mixin/]: Instancing new MixinPlatformAgentMinecraftForge for SecureJarResource(thedarkcolour.kotlinforforge.lib.neoforge)
[02Sep2025 10:32:36.991] [main/DEBUG] [mixin/]: MixinPlatformAgentMinecraftForge rejected container SecureJarResource(thedarkcolour.kotlinforforge.lib.neoforge)
[02Sep2025 10:32:36.992] [main/DEBUG] [mixin/]: Instancing new MixinPlatformAgentDefault for SecureJarResource(thedarkcolour.kotlinforforge.lib.neoforge)
[02Sep2025 10:32:36.992] [main/DEBUG] [mixin/]: MixinPlatformAgentDefault accepted container SecureJarResource(thedarkcolour.kotlinforforge.lib.neoforge)
[02Sep2025 10:32:36.993] [main/DEBUG] [mixin/]: Instancing new FMLMixinPlatformAgent for SecureJarResource(thedarkcolour.kotlinforforge.lib.neoforge)
[02Sep2025 10:32:36.993] [main/DEBUG] [mixin/]: FMLMixinPlatformAgent rejected container SecureJarResource(thedarkcolour.kotlinforforge.lib.neoforge)
[02Sep2025 10:32:36.994] [main/DEBUG] [mixin/]: Processing prepare() for PlatformAgent[MixinPlatformAgentDefault:SecureJarResource(thedarkcolour.kotlinforforge.lib.neoforge)]
[02Sep2025 10:32:36.995] [main/DEBUG] [mixin/]: Adding mixin platform agents for container SecureJarResource(mixinextras.neoforge)
[02Sep2025 10:32:36.995] [main/DEBUG] [mixin/]: Instancing new MixinPlatformAgentMinecraftForge for SecureJarResource(mixinextras.neoforge)
[02Sep2025 10:32:36.995] [main/DEBUG] [mixin/]: MixinPlatformAgentMinecraftForge rejected container SecureJarResource(mixinextras.neoforge)
[02Sep2025 10:32:36.996] [main/DEBUG] [mixin/]: Instancing new MixinPlatformAgentDefault for SecureJarResource(mixinextras.neoforge)
[02Sep2025 10:32:36.996] [main/DEBUG] [mixin/]: MixinPlatformAgentDefault accepted container SecureJarResource(mixinextras.neoforge)
[02Sep2025 10:32:36.997] [main/DEBUG] [mixin/]: Instancing new FMLMixinPlatformAgent for SecureJarResource(mixinextras.neoforge)
[02Sep2025 10:32:36.997] [main/DEBUG] [mixin/]: FMLMixinPlatformAgent rejected container SecureJarResource(mixinextras.neoforge)
[02Sep2025 10:32:36.998] [main/DEBUG] [mixin/]: Processing prepare() for PlatformAgent[MixinPlatformAgentDefault:SecureJarResource(mixinextras.neoforge)]
[02Sep2025 10:32:36.998] [main/DEBUG] [mixin/]: Registering mixin config: mixinextras.init.mixins.json source=SecureJarResource(mixinextras.neoforge)
[02Sep2025 10:32:37.001] [main/DEBUG] [mixin/]: inject() running with 9 agents
[02Sep2025 10:32:37.002] [main/DEBUG] [mixin/]: Processing inject() for PlatformAgent[MixinPlatformAgentDefault:ModLauncher Root Container(ModLauncher:4f56a0a2)]
[02Sep2025 10:32:37.002] [main/DEBUG] [mixin/]: Processing inject() for PlatformAgent[MixinPlatformAgentDefault:net.neoforged.fml.loading.mixin.FMLMixinContainerHandle@320494b6]
[02Sep2025 10:32:37.003] [main/DEBUG] [mixin/]: Processing inject() for PlatformAgent[FMLMixinPlatformAgent:null]
[02Sep2025 10:32:37.003] [main/DEBUG] [mixin/]: Processing inject() for PlatformAgent[MixinPlatformAgentDefault:SecureJarResource(mixin_synthetic)]
[02Sep2025 10:32:37.003] [main/DEBUG] [mixin/]: Processing inject() for PlatformAgent[MixinPlatformAgentDefault:SecureJarResource(minecraft)]
[02Sep2025 10:32:37.004] [main/DEBUG] [mixin/]: Processing inject() for PlatformAgent[MixinPlatformAgentDefault:SecureJarResource(kotlinforforge)]
[02Sep2025 10:32:37.004] [main/DEBUG] [mixin/]: Processing inject() for PlatformAgent[MixinPlatformAgentDefault:SecureJarResource(everythingjapanese)]
[02Sep2025 10:32:37.004] [main/DEBUG] [mixin/]: Processing inject() for PlatformAgent[MixinPlatformAgentDefault:SecureJarResource(geckolib)]
[02Sep2025 10:32:37.004] [main/DEBUG] [mixin/]: Processing inject() for PlatformAgent[MixinPlatformAgentDefault:SecureJarResource(thedarkcolour.kotlinforforge.lib.neoforge)]
[02Sep2025 10:32:37.007] [main/DEBUG] [mixin/]: Processing inject() for PlatformAgent[MixinPlatformAgentDefault:SecureJarResource(mixinextras.neoforge)]
[02Sep2025 10:32:37.008] [main/INFO] [cpw.mods.modlauncher.LaunchServiceHandler/MODLAUNCHER]: Launching target 'neoforgeclientdev' with arguments [--version, 21.8.40, --assetsDir, C:\Users\Hanzo\.gradle\caches\neoformruntime\assets, --assetIndex, 26]
[02Sep2025 10:32:37.297] [main/DEBUG] [mixin/]: Preparing mixins for MixinEnvironment[DEFAULT]
[02Sep2025 10:32:37.297] [main/DEBUG] [mixin/]: Selecting config geckolib.mixins.json
[02Sep2025 10:32:37.310] [main/WARN] [mixin/]: Reference map 'geckolib.refmap.json' for geckolib.mixins.json could not be read. If this is a development environment you can ignore this message
[02Sep2025 10:32:37.311] [main/DEBUG] [mixin/]: Selecting config neoforge.mixins.json
[02Sep2025 10:32:37.312] [main/DEBUG] [mixin/]: Selecting config everythingjapanese.mixins.json
[02Sep2025 10:32:37.313] [main/WARN] [mixin/]: Reference map 'everythingjapanese.refmap.json' for everythingjapanese.mixins.json could not be read. If this is a development environment you can ignore this message
[02Sep2025 10:32:37.314] [main/DEBUG] [mixin/]: Selecting config mixinextras.init.mixins.json
[02Sep2025 10:32:37.649] [main/DEBUG] [MixinExtras|Service/]: com.llamalad7.mixinextras.service.MixinExtrasServiceImpl(version=0.5.0) is taking over from null
[02Sep2025 10:32:37.775] [main/DEBUG] [mixin/]: Registering new injector for @Inject with org.spongepowered.asm.mixin.injection.struct.CallbackInjectionInfo
[02Sep2025 10:32:37.778] [main/DEBUG] [mixin/]: Registering new injector for @ModifyArg with org.spongepowered.asm.mixin.injection.struct.ModifyArgInjectionInfo
[02Sep2025 10:32:37.781] [main/DEBUG] [mixin/]: Registering new injector for @ModifyArgs with org.spongepowered.asm.mixin.injection.struct.ModifyArgsInjectionInfo
[02Sep2025 10:32:37.784] [main/DEBUG] [mixin/]: Registering new injector for @Redirect with org.spongepowered.asm.mixin.injection.struct.RedirectInjectionInfo
[02Sep2025 10:32:37.787] [main/DEBUG] [mixin/]: Registering new injector for @ModifyVariable with org.spongepowered.asm.mixin.injection.struct.ModifyVariableInjectionInfo
[02Sep2025 10:32:37.790] [main/DEBUG] [mixin/]: Registering new injector for @ModifyConstant with org.spongepowered.asm.mixin.injection.struct.ModifyConstantInjectionInfo
[02Sep2025 10:32:37.816] [main/DEBUG] [mixin/]: Preparing geckolib.mixins.json (12)
[02Sep2025 10:32:38.016] [main/DEBUG] [mixin/]: Preparing neoforge.mixins.json (2)
[02Sep2025 10:32:38.043] [main/DEBUG] [mixin/]: Preparing everythingjapanese.mixins.json (2)
[02Sep2025 10:32:38.060] [main/DEBUG] [mixin/]: Preparing mixinextras.init.mixins.json (0)
[02Sep2025 10:32:38.081] [main/WARN] [mixin/]: Error loading class: org/jetbrains/annotations/ApiStatus$Internal (java.lang.ClassNotFoundException: org.jetbrains.annotations.ApiStatus$Internal)
[02Sep2025 10:32:38.098] [main/DEBUG] [mixin/]: Prepared 16 mixins in 0.796 sec (49.8ms avg) (0ms load, 0ms transform, 0ms plugin)
[02Sep2025 10:32:38.644] [main/DEBUG] [io.netty.util.internal.logging.InternalLoggerFactory/]: Using SLF4J as the default logging framework
[02Sep2025 10:32:38.677] [main/DEBUG] [io.netty.util.ResourceLeakDetector/]: -Dio.netty.leakDetection.level: simple
[02Sep2025 10:32:38.677] [main/DEBUG] [io.netty.util.ResourceLeakDetector/]: -Dio.netty.leakDetection.targetRecords: 4
[02Sep2025 10:32:39.017] [main/INFO] [MixinExtras|Service/]: Initializing MixinExtras via com.llamalad7.mixinextras.service.MixinExtrasServiceImpl(version=0.5.0).
[02Sep2025 10:32:39.020] [main/DEBUG] [mixin/]: Registering new injector for @SugarWrapper with com.llamalad7.mixinextras.sugar.impl.SugarWrapperInjectionInfo
[02Sep2025 10:32:39.022] [main/DEBUG] [mixin/]: Registering new injector for @FactoryRedirectWrapper with com.llamalad7.mixinextras.wrapper.factory.FactoryRedirectWrapperInjectionInfo
[02Sep2025 10:32:39.024] [main/DEBUG] [mixin/]: Registering new injector for @ExpressionInjectorWrapper with com.llamalad7.mixinextras.expression.impl.wrapper.ExpressionInjectorWrapperInjectionInfo
[02Sep2025 10:32:39.064] [main/DEBUG] [mixin/]: Mixing ModDataFixers from everythingjapanese.mixins.json into net.minecraft.util.datafix.DataFixers
[02Sep2025 10:32:39.247] [main/DEBUG] [mixin/]: everythingjapanese.mixins.json:ModDataFixers from mod (unknown)->@Inject::onAddFixers(Lcom/mojang/datafixers/DataFixerBuilder;Lorg/spongepowered/asm/mixin/injection/callback/CallbackInfo;)V doesn't use it's CallbackInfo
[02Sep2025 10:32:41.190] [main/DEBUG] [oshi.util.FileUtil/]: No oshi.properties file found from ClassLoader cpw.mods.modlauncher.TransformingClassLoader@3b7b05a8
[02Sep2025 10:32:42.633] [main/DEBUG] [oshi.util.FileUtil/]: No oshi.architecture.properties file found from ClassLoader cpw.mods.modlauncher.TransformingClassLoader@3b7b05a8
[02Sep2025 10:32:42.873] [Datafixer Bootstrap/INFO] [com.mojang.datafixers.DataFixerBuilder/]: 274 Datafixer optimizations took 1765 milliseconds
[02Sep2025 10:32:42.919] [pool-8-thread-1/DEBUG] [mixin/]: Mixing MappedRegistryAccessor from neoforge.mixins.json into net.minecraft.core.MappedRegistry
[02Sep2025 10:32:42.924] [pool-8-thread-1/DEBUG] [mixin/]: neoforge.mixins.json:MappedRegistryAccessor from mod neoforge: Class version 65 required is higher than the class version supported by the current version of Mixin (JAVA_17 supports class version 61)
[02Sep2025 10:32:43.229] [pool-8-thread-1/DEBUG] [mixin/]: Mixing BaseFireBlockMixin from everythingjapanese.mixins.json into net.minecraft.world.level.block.BaseFireBlock
[02Sep2025 10:32:43.275] [pool-8-thread-1/DEBUG] [mixin/]: everythingjapanese.mixins.json:BaseFireBlockMixin from mod (unknown)->@Inject::onPlace(Lnet/minecraft/world/level/block/state/BlockState;Lnet/minecraft/world/level/Level;Lnet/minecraft/core/BlockPos;Lnet/minecraft/world/level/block/state/BlockState;ZLorg/spongepowered/asm/mixin/injection/callback/CallbackInfo;)V does use it's CallbackInfo
[02Sep2025 10:32:49.386] [pool-8-thread-1/DEBUG] [mixin/]: Mixing BlockEntityTypeAccessor from neoforge.mixins.json into net.minecraft.world.level.block.entity.BlockEntityType
[02Sep2025 10:32:49.388] [pool-8-thread-1/DEBUG] [mixin/]: neoforge.mixins.json:BlockEntityTypeAccessor from mod neoforge: Class version 65 required is higher than the class version supported by the current version of Mixin (JAVA_17 supports class version 61)
[02Sep2025 10:32:49.631] [pool-8-thread-1/DEBUG] [mixin/]: Mixing common.AbstractContainerMenuMixin from geckolib.mixins.json into net.minecraft.world.inventory.AbstractContainerMenu
[02Sep2025 10:32:49.633] [pool-8-thread-1/DEBUG] [mixin/]: geckolib.mixins.json:common.AbstractContainerMenuMixin from mod geckolib: Class version 65 required is higher than the class version supported by the current version of Mixin (JAVA_17 supports class version 61)
[02Sep2025 10:32:50.681] [pool-8-thread-1/DEBUG] [mixin/]: Mixing common.ItemStackMixin from geckolib.mixins.json into net.minecraft.world.item.ItemStack
[02Sep2025 10:32:50.684] [pool-8-thread-1/DEBUG] [mixin/]: geckolib.mixins.json:common.ItemStackMixin from mod geckolib: Class version 65 required is higher than the class version supported by the current version of Mixin (JAVA_17 supports class version 61)
[02Sep2025 10:32:55.294] [pool-8-thread-1/DEBUG] [io.netty.util.internal.PlatformDependent0/]: -Dio.netty.noUnsafe: false
[02Sep2025 10:32:55.295] [pool-8-thread-1/DEBUG] [io.netty.util.internal.PlatformDependent0/]: Java version: 21
[02Sep2025 10:32:55.297] [pool-8-thread-1/DEBUG] [io.netty.util.internal.PlatformDependent0/]: sun.misc.Unsafe.theUnsafe: available
[02Sep2025 10:32:55.298] [pool-8-thread-1/DEBUG] [io.netty.util.internal.PlatformDependent0/]: sun.misc.Unsafe base methods: all available
[02Sep2025 10:32:55.300] [pool-8-thread-1/DEBUG] [io.netty.util.internal.PlatformDependent0/]: sun.misc.Unsafe.storeFence: available
[02Sep2025 10:32:55.301] [pool-8-thread-1/DEBUG] [io.netty.util.internal.PlatformDependent0/]: java.nio.Buffer.address: available
[02Sep2025 10:32:55.306] [pool-8-thread-1/DEBUG] [io.netty.util.internal.PlatformDependent0/]: direct buffer constructor: unavailable: Reflective setAccessible(true) disabled
[02Sep2025 10:32:55.308] [pool-8-thread-1/DEBUG] [io.netty.util.internal.PlatformDependent0/]: java.nio.Bits.unaligned: available, true
[02Sep2025 10:32:55.312] [pool-8-thread-1/DEBUG] [io.netty.util.internal.PlatformDependent0/]: jdk.internal.misc.Unsafe.allocateUninitializedArray(int): unavailable: class io.netty.util.internal.PlatformDependent0$7 (in module io.netty.common) cannot access class jdk.internal.misc.Unsafe (in module java.base) because module java.base does not export jdk.internal.misc to module io.netty.common
[02Sep2025 10:32:55.313] [pool-8-thread-1/DEBUG] [io.netty.util.internal.PlatformDependent0/]: java.nio.DirectByteBuffer.<init>(long, {int,long}): unavailable
[02Sep2025 10:32:55.314] [pool-8-thread-1/DEBUG] [io.netty.util.internal.PlatformDependent/]: sun.misc.Unsafe: available
[02Sep2025 10:32:55.314] [pool-8-thread-1/DEBUG] [io.netty.util.internal.PlatformDependent/]: -Dio.netty.tmpdir: C:\Users\Hanzo\AppData\Local\Temp (java.io.tmpdir)
[02Sep2025 10:32:55.315] [pool-8-thread-1/DEBUG] [io.netty.util.internal.PlatformDependent/]: -Dio.netty.bitMode: 64 (sun.arch.data.model)
[02Sep2025 10:32:55.315] [pool-8-thread-1/DEBUG] [io.netty.util.internal.PlatformDependent/]: Platform: Windows
[02Sep2025 10:32:55.317] [pool-8-thread-1/DEBUG] [io.netty.util.internal.PlatformDependent/]: -Dio.netty.maxDirectMemory: -1 bytes
[02Sep2025 10:32:55.317] [pool-8-thread-1/DEBUG] [io.netty.util.internal.PlatformDependent/]: -Dio.netty.uninitializedArrayAllocationThreshold: -1
[02Sep2025 10:32:55.323] [pool-8-thread-1/DEBUG] [io.netty.util.internal.CleanerJava9/]: java.nio.ByteBuffer.cleaner(): available
[02Sep2025 10:32:55.324] [pool-8-thread-1/DEBUG] [io.netty.util.internal.PlatformDependent/]: -Dio.netty.noPreferDirect: false
[02Sep2025 10:33:06.963] [main/WARN] [net.minecraft.commands.Commands/]: Ambiguity between arguments [teleport, location] and [teleport, destination] with inputs: [0.1 -0.5 .9, 0 0 0]
[02Sep2025 10:33:06.966] [main/WARN] [net.minecraft.commands.Commands/]: Ambiguity between arguments [teleport, location] and [teleport, targets] with inputs: [0.1 -0.5 .9, 0 0 0]
[02Sep2025 10:33:07.017] [main/WARN] [net.minecraft.commands.Commands/]: Ambiguity between arguments [teleport, destination] and [teleport, targets] with inputs: [Player, 0123, @e, dd12be42-52a9-4a91-a8a1-11c01849e498]
[02Sep2025 10:33:07.022] [main/WARN] [net.minecraft.commands.Commands/]: Ambiguity between arguments [teleport, targets] and [teleport, destination] with inputs: [Player, 0123, dd12be42-52a9-4a91-a8a1-11c01849e498]
[02Sep2025 10:33:07.025] [main/WARN] [net.minecraft.commands.Commands/]: Ambiguity between arguments [teleport, targets, location] and [teleport, targets, destination] with inputs: [0.1 -0.5 .9, 0 0 0]
[02Sep2025 10:33:07.030] [main/WARN] [net.minecraft.commands.Commands/]: Ambiguity between arguments [waypoint, modify, waypoint, color, reset] and [waypoint, modify, waypoint, color, color] with inputs: [reset]
[02Sep2025 10:33:07.128] [main/DEBUG] [net.neoforged.fml.ModWorkManager/LOADING]: Using 8 threads for parallel mod-loading
[02Sep2025 10:33:07.172] [main/DEBUG] [thedarkcolour.kotlinforforge.neoforge.LoggerKt/LOADING]: Creating KotlinModContainer instance for []
[02Sep2025 10:33:07.194] [main/DEBUG] [thedarkcolour.kotlinforforge.neoforge.LoggerKt/LOADING]: Creating KotlinModContainer instance for [net.Chidoziealways.everythingjapanese.EverythingJapanese]
[02Sep2025 10:33:07.207] [main/DEBUG] [net.neoforged.fml.javafmlmod.FMLModContainer/LOADING]: Creating FMLModContainer instance for [software.bernie.geckolib.GeckoLib]
[02Sep2025 10:33:07.213] [main/DEBUG] [net.neoforged.fml.javafmlmod.FMLModContainer/LOADING]: Creating FMLModContainer instance for [net.neoforged.neoforge.common.OnlyInWarningsHandler, net.neoforged.neoforge.common.NeoForgeMod, net.neoforged.neoforge.client.ClientNeoForgeMod]
[02Sep2025 10:33:07.305] [modloading-worker-0/DEBUG] [GeckoLib/]: Loaded software.bernie.geckolib.platform.GeckoLibNeoForge@1e2bbc26 for service interface software.bernie.geckolib.service.GeckoLibPlatform
[02Sep2025 10:33:07.306] [modloading-worker-0/DEBUG] [GeckoLib/]: Loaded software.bernie.geckolib.network.GeckoLibNetworkingNeoForge@7b010b1 for service interface software.bernie.geckolib.service.GeckoLibNetworking
[02Sep2025 10:33:07.308] [modloading-worker-0/DEBUG] [net.neoforged.fml.javafmlmod.AutomaticEventSubscriber/LOADING]: Attempting to inject @EventBusSubscriber classes into the eventbus for geckolib
[02Sep2025 10:33:07.312] [modloading-worker-0/DEBUG] [net.neoforged.fml.javafmlmod.AutomaticEventSubscriber/LOADING]: Scanning class software.bernie.geckolib.GeckoLibClient for @SubscribeEvent-annotated methods
[02Sep2025 10:33:07.321] [modloading-worker-0/DEBUG] [net.neoforged.fml.javafmlmod.AutomaticEventSubscriber/LOADING]: Subscribing method public static void software.bernie.geckolib.GeckoLibClient.registerReloadListeners(net.neoforged.neoforge.client.event.AddClientReloadListenersEvent) to the event bus of mod geckolib
[02Sep2025 10:33:07.344] [modloading-worker-0/DEBUG] [net.neoforged.neoforge.internal.versions.neoforge.NeoForgeVersion/CORE]: Found NeoForge version 21.8.40
[02Sep2025 10:33:07.345] [modloading-worker-0/DEBUG] [net.neoforged.neoforge.internal.versions.neoforge.NeoForgeVersion/CORE]: Found FML version 9.0.18
[02Sep2025 10:33:07.345] [modloading-worker-0/INFO] [net.neoforged.neoforge.common.NeoForgeMod/NEOFORGE-MOD]: NeoForge mod loading, version 21.8.40, for MC 1.21.8
[02Sep2025 10:33:07.832] [modloading-worker-0/DEBUG] [net.neoforged.fml.config.ConfigTracker/CONFIG]: Config file neoforge-server.toml for neoforge tracking
[02Sep2025 10:33:07.841] [modloading-worker-0/DEBUG] [net.neoforged.fml.config.ConfigTracker/CONFIG]: Config file neoforge-common.toml for neoforge tracking
[02Sep2025 10:33:08.043] [modloading-worker-0/DEBUG] [net.neoforged.fml.config.ConfigTracker/CONFIG]: Config file neoforge-client.toml for neoforge tracking
[02Sep2025 10:33:08.146] [modloading-worker-0/DEBUG] [net.neoforged.fml.javafmlmod.AutomaticEventSubscriber/LOADING]: Attempting to inject @EventBusSubscriber classes into the eventbus for neoforge
[02Sep2025 10:33:08.147] [modloading-worker-0/DEBUG] [net.neoforged.fml.javafmlmod.AutomaticEventSubscriber/LOADING]: Scanning class net.neoforged.neoforge.network.filters.GenericPacketSplitter for @SubscribeEvent-annotated methods
[02Sep2025 10:33:08.244] [modloading-worker-0/DEBUG] [io.netty.buffer.AbstractByteBuf/]: -Dio.netty.buffer.checkAccessible: true
[02Sep2025 10:33:08.245] [modloading-worker-0/DEBUG] [io.netty.buffer.AbstractByteBuf/]: -Dio.netty.buffer.checkBounds: true
[02Sep2025 10:33:08.249] [modloading-worker-0/DEBUG] [io.netty.util.ResourceLeakDetectorFactory/]: Loaded default ResourceLeakDetector: io.netty.util.ResourceLeakDetector@1ab01d99
[02Sep2025 10:33:08.291] [modloading-worker-0/DEBUG] [io.netty.util.internal.InternalThreadLocalMap/]: -Dio.netty.threadLocalMap.stringBuilder.initialSize: 1024
[02Sep2025 10:33:08.292] [modloading-worker-0/DEBUG] [io.netty.util.internal.InternalThreadLocalMap/]: -Dio.netty.threadLocalMap.stringBuilder.maxSize: 4096
[02Sep2025 10:33:08.314] [modloading-worker-0/DEBUG] [io.netty.buffer.PooledByteBufAllocator/]: -Dio.netty.allocator.numHeapArenas: 16
[02Sep2025 10:33:08.315] [modloading-worker-0/DEBUG] [io.netty.buffer.PooledByteBufAllocator/]: -Dio.netty.allocator.numDirectArenas: 16
[02Sep2025 10:33:08.315] [modloading-worker-0/DEBUG] [io.netty.buffer.PooledByteBufAllocator/]: -Dio.netty.allocator.pageSize: 8192
[02Sep2025 10:33:08.315] [modloading-worker-0/DEBUG] [io.netty.buffer.PooledByteBufAllocator/]: -Dio.netty.allocator.maxOrder: 9
[02Sep2025 10:33:08.315] [modloading-worker-0/DEBUG] [io.netty.buffer.PooledByteBufAllocator/]: -Dio.netty.allocator.chunkSize: 4194304
[02Sep2025 10:33:08.315] [modloading-worker-0/DEBUG] [io.netty.buffer.PooledByteBufAllocator/]: -Dio.netty.allocator.smallCacheSize: 256
[02Sep2025 10:33:08.315] [modloading-worker-0/DEBUG] [io.netty.buffer.PooledByteBufAllocator/]: -Dio.netty.allocator.normalCacheSize: 64
[02Sep2025 10:33:08.315] [modloading-worker-0/DEBUG] [io.netty.buffer.PooledByteBufAllocator/]: -Dio.netty.allocator.maxCachedBufferCapacity: 32768
[02Sep2025 10:33:08.316] [modloading-worker-0/DEBUG] [io.netty.buffer.PooledByteBufAllocator/]: -Dio.netty.allocator.cacheTrimInterval: 8192
[02Sep2025 10:33:08.316] [modloading-worker-0/DEBUG] [io.netty.buffer.PooledByteBufAllocator/]: -Dio.netty.allocator.cacheTrimIntervalMillis: 0
[02Sep2025 10:33:08.316] [modloading-worker-0/DEBUG] [io.netty.buffer.PooledByteBufAllocator/]: -Dio.netty.allocator.useCacheForAllThreads: false
[02Sep2025 10:33:08.316] [modloading-worker-0/DEBUG] [io.netty.buffer.PooledByteBufAllocator/]: -Dio.netty.allocator.maxCachedByteBuffersPerChunk: 1023
[02Sep2025 10:33:08.316] [modloading-worker-0/DEBUG] [io.netty.buffer.PooledByteBufAllocator/]: -Dio.netty.allocator.disableCacheFinalizersForFastThreadLocalThreads: false
[02Sep2025 10:33:08.375] [modloading-worker-0/DEBUG] [io.netty.buffer.ByteBufUtil/]: -Dio.netty.allocator.type: pooled
[02Sep2025 10:33:08.376] [modloading-worker-0/DEBUG] [io.netty.buffer.ByteBufUtil/]: -Dio.netty.threadLocalDirectBufferSize: 0
[02Sep2025 10:33:08.376] [modloading-worker-0/DEBUG] [io.netty.buffer.ByteBufUtil/]: -Dio.netty.maxThreadLocalCharBufferSize: 16384
[02Sep2025 10:33:08.400] [modloading-worker-0/DEBUG] [net.neoforged.fml.javafmlmod.AutomaticEventSubscriber/LOADING]: Subscribing method private static void net.neoforged.neoforge.network.filters.GenericPacketSplitter.register(net.neoforged.neoforge.network.event.RegisterPayloadHandlersEvent) to the event bus of mod neoforge
[02Sep2025 10:33:08.404] [modloading-worker-0/DEBUG] [net.neoforged.fml.javafmlmod.AutomaticEventSubscriber/LOADING]: Scanning class net.neoforged.neoforge.network.NetworkInitialization for @SubscribeEvent-annotated methods
[02Sep2025 10:33:08.406] [modloading-worker-0/DEBUG] [net.neoforged.fml.javafmlmod.AutomaticEventSubscriber/LOADING]: Subscribing method private static void net.neoforged.neoforge.network.NetworkInitialization.register(net.neoforged.neoforge.network.event.RegisterPayloadHandlersEvent) to the event bus of mod neoforge
[02Sep2025 10:33:08.408] [modloading-worker-0/DEBUG] [net.neoforged.fml.javafmlmod.AutomaticEventSubscriber/LOADING]: Scanning class net.neoforged.neoforge.network.ConfigurationInitialization for @SubscribeEvent-annotated methods
[02Sep2025 10:33:08.427] [modloading-worker-0/DEBUG] [net.neoforged.fml.javafmlmod.AutomaticEventSubscriber/LOADING]: Subscribing method private static void net.neoforged.neoforge.network.ConfigurationInitialization.configureModdedClient(net.neoforged.neoforge.network.event.RegisterConfigurationTasksEvent) to the event bus of mod neoforge
[02Sep2025 10:33:08.429] [modloading-worker-0/DEBUG] [net.neoforged.fml.javafmlmod.AutomaticEventSubscriber/LOADING]: Scanning class net.neoforged.neoforge.model.data.ModelDataManager for @SubscribeEvent-annotated methods
[02Sep2025 10:33:08.437] [modloading-worker-0/DEBUG] [net.neoforged.fml.javafmlmod.AutomaticEventSubscriber/LOADING]: Subscribing method public static void net.neoforged.neoforge.model.data.ModelDataManager.onChunkUnload(net.neoforged.neoforge.event.level.ChunkEvent$Unload) to the game event bus
[02Sep2025 10:33:08.446] [modloading-worker-0/DEBUG] [net.neoforged.fml.javafmlmod.AutomaticEventSubscriber/LOADING]: Scanning class net.neoforged.neoforge.common.MonsterRoomHooks for @SubscribeEvent-annotated methods
[02Sep2025 10:33:08.449] [modloading-worker-0/DEBUG] [net.neoforged.fml.javafmlmod.AutomaticEventSubscriber/LOADING]: Subscribing method public static void net.neoforged.neoforge.common.MonsterRoomHooks.onDataMapsUpdated(net.neoforged.neoforge.registries.datamaps.DataMapsUpdatedEvent) to the game event bus
[02Sep2025 10:33:08.456] [modloading-worker-0/DEBUG] [net.neoforged.fml.javafmlmod.AutomaticEventSubscriber/LOADING]: Scanning class net.neoforged.neoforge.client.network.ClientPayloadHandler for @SubscribeEvent-annotated methods
[02Sep2025 10:33:08.515] [modloading-worker-0/DEBUG] [net.neoforged.fml.javafmlmod.AutomaticEventSubscriber/LOADING]: Subscribing method private static void net.neoforged.neoforge.client.network.ClientPayloadHandler.register(net.neoforged.neoforge.client.network.event.RegisterClientPayloadHandlersEvent) to the event bus of mod neoforge
[02Sep2025 10:33:08.516] [modloading-worker-0/DEBUG] [net.neoforged.fml.javafmlmod.AutomaticEventSubscriber/LOADING]: Scanning class net.neoforged.neoforge.client.ParticleBoundsDebugRenderer for @SubscribeEvent-annotated methods
[02Sep2025 10:33:08.540] [modloading-worker-0/DEBUG] [net.neoforged.fml.javafmlmod.AutomaticEventSubscriber/LOADING]: Subscribing method public static void net.neoforged.neoforge.client.ParticleBoundsDebugRenderer.onRegisterClientCommands(net.neoforged.neoforge.client.event.RegisterClientCommandsEvent) to the game event bus
[02Sep2025 10:33:08.542] [modloading-worker-0/DEBUG] [net.neoforged.fml.javafmlmod.AutomaticEventSubscriber/LOADING]: Subscribing method public static void net.neoforged.neoforge.client.ParticleBoundsDebugRenderer.onRenderLevelStage(net.neoforged.neoforge.client.event.RenderLevelStageEvent$AfterParticles) to the game event bus
[02Sep2025 10:33:08.544] [modloading-worker-0/DEBUG] [net.neoforged.fml.javafmlmod.AutomaticEventSubscriber/LOADING]: Scanning class net.neoforged.neoforge.client.NeoForgeRenderPipelines for @SubscribeEvent-annotated methods
[02Sep2025 10:33:08.646] [modloading-worker-0/DEBUG] [net.neoforged.fml.javafmlmod.AutomaticEventSubscriber/LOADING]: Subscribing method static void net.neoforged.neoforge.client.NeoForgeRenderPipelines.registerPipelines(net.neoforged.neoforge.client.event.RegisterRenderPipelinesEvent) to the event bus of mod neoforge
[02Sep2025 10:33:08.647] [modloading-worker-0/DEBUG] [net.neoforged.fml.javafmlmod.AutomaticEventSubscriber/LOADING]: Scanning class net.neoforged.neoforge.client.BlockEntityRenderBoundsDebugRenderer for @SubscribeEvent-annotated methods
[02Sep2025 10:33:08.650] [modloading-worker-0/DEBUG] [net.neoforged.fml.javafmlmod.AutomaticEventSubscriber/LOADING]: Subscribing method public static void net.neoforged.neoforge.client.BlockEntityRenderBoundsDebugRenderer.onRegisterClientCommands(net.neoforged.neoforge.client.event.RegisterClientCommandsEvent) to the game event bus
[02Sep2025 10:33:08.654] [modloading-worker-0/DEBUG] [net.neoforged.fml.javafmlmod.AutomaticEventSubscriber/LOADING]: Subscribing method public static void net.neoforged.neoforge.client.BlockEntityRenderBoundsDebugRenderer.onRenderLevelStage(net.neoforged.neoforge.client.event.RenderLevelStageEvent$AfterBlockEntities) to the game event bus
[02Sep2025 10:33:08.655] [modloading-worker-0/DEBUG] [net.neoforged.fml.javafmlmod.AutomaticEventSubscriber/LOADING]: Scanning class net.neoforged.neoforge.attachment.AttachmentSync for @SubscribeEvent-annotated methods
[02Sep2025 10:33:08.670] [modloading-worker-0/DEBUG] [net.neoforged.fml.javafmlmod.AutomaticEventSubscriber/LOADING]: Subscribing method public static void net.neoforged.neoforge.attachment.AttachmentSync.onChunkSent(net.neoforged.neoforge.event.level.ChunkWatchEvent$Sent) to the game event bus
[02Sep2025 10:33:08.672] [modloading-worker-0/DEBUG] [net.neoforged.fml.javafmlmod.AutomaticEventSubscriber/LOADING]: Scanning class net.neoforged.neoforge.attachment.AttachmentInternals for @SubscribeEvent-annotated methods
[02Sep2025 10:33:08.674] [modloading-worker-0/DEBUG] [net.neoforged.fml.javafmlmod.AutomaticEventSubscriber/LOADING]: Subscribing method public static void net.neoforged.neoforge.attachment.AttachmentInternals.onPlayerClone(net.neoforged.neoforge.event.entity.player.PlayerEvent$Clone) to the game event bus
[02Sep2025 10:33:08.676] [modloading-worker-0/DEBUG] [net.neoforged.fml.javafmlmod.AutomaticEventSubscriber/LOADING]: Subscribing method public static void net.neoforged.neoforge.attachment.AttachmentInternals.onLivingConvert(net.neoforged.neoforge.event.entity.living.LivingConversionEvent$Post) to the game event bus
[02Sep2025 10:33:08.732] [modloading-worker-0/DEBUG] [net.Chidoziealways.everythingjapanese.EverythingJapanese/]: Registering Registries
[02Sep2025 10:33:08.744] [modloading-worker-0/INFO] [net.Chidoziealways.everythingjapanese.EverythingJapanese/]: Attempting to register block: pyrite_block
[02Sep2025 10:33:08.745] [modloading-worker-0/INFO] [net.Chidoziealways.everythingjapanese.EverythingJapanese/]: Registering BlockItem for: pyrite_block
[02Sep2025 10:33:08.796] [modloading-worker-0/INFO] [net.Chidoziealways.everythingjapanese.EverythingJapanese/]: Attempting to register block: nephrite_block
[02Sep2025 10:33:08.796] [modloading-worker-0/INFO] [net.Chidoziealways.everythingjapanese.EverythingJapanese/]: Registering BlockItem for: nephrite_block
[02Sep2025 10:33:08.797] [modloading-worker-0/INFO] [net.Chidoziealways.everythingjapanese.EverythingJapanese/]: Attempting to register block: raw_pyrite_block
[02Sep2025 10:33:08.797] [modloading-worker-0/INFO] [net.Chidoziealways.everythingjapanese.EverythingJapanese/]: Registering BlockItem for: raw_pyrite_block
[02Sep2025 10:33:08.800] [modloading-worker-0/INFO] [net.Chidoziealways.everythingjapanese.EverythingJapanese/]: Attempting to register block: washi_window
[02Sep2025 10:33:08.800] [modloading-worker-0/INFO] [net.Chidoziealways.everythingjapanese.EverythingJapanese/]: Registering BlockItem for: washi_window
[02Sep2025 10:33:08.801] [modloading-worker-0/INFO] [net.Chidoziealways.everythingjapanese.EverythingJapanese/]: Attempting to register block: washi_window_pane
[02Sep2025 10:33:08.802] [modloading-worker-0/INFO] [net.Chidoziealways.everythingjapanese.EverythingJapanese/]: Registering BlockItem for: washi_window_pane
[02Sep2025 10:33:08.806] [modloading-worker-0/INFO] [net.Chidoziealways.everythingjapanese.EverythingJapanese/]: Attempting to register block: shoji_door
[02Sep2025 10:33:08.807] [modloading-worker-0/INFO] [net.Chidoziealways.everythingjapanese.EverythingJapanese/]: Registering BlockItem for: shoji_door
[02Sep2025 10:33:08.811] [modloading-worker-0/INFO] [net.Chidoziealways.everythingjapanese.EverythingJapanese/]: Attempting to register block: money_vault_block
[02Sep2025 10:33:08.811] [modloading-worker-0/INFO] [net.Chidoziealways.everythingjapanese.EverythingJapanese/]: Registering BlockItem for: money_vault_block
[02Sep2025 10:33:08.812] [modloading-worker-0/INFO] [net.Chidoziealways.everythingjapanese.EverythingJapanese/]: Attempting to register block: chabudai
[02Sep2025 10:33:08.812] [modloading-worker-0/INFO] [net.Chidoziealways.everythingjapanese.EverythingJapanese/]: Registering BlockItem for: chabudai
[02Sep2025 10:33:08.815] [modloading-worker-0/INFO] [net.Chidoziealways.everythingjapanese.EverythingJapanese/]: Attempting to register block: fusuma_door
[02Sep2025 10:33:08.815] [modloading-worker-0/INFO] [net.Chidoziealways.everythingjapanese.EverythingJapanese/]: Registering BlockItem for: fusuma_door
[02Sep2025 10:33:08.816] [modloading-worker-0/INFO] [net.Chidoziealways.everythingjapanese.EverythingJapanese/]: Attempting to register block: pyrite_ore
[02Sep2025 10:33:08.816] [modloading-worker-0/INFO] [net.Chidoziealways.everythingjapanese.EverythingJapanese/]: Registering BlockItem for: pyrite_ore
[02Sep2025 10:33:08.816] [modloading-worker-0/INFO] [net.Chidoziealways.everythingjapanese.EverythingJapanese/]: Attempting to register block: pyrite_deepslate_ore
[02Sep2025 10:33:08.817] [modloading-worker-0/INFO] [net.Chidoziealways.everythingjapanese.EverythingJapanese/]: Registering BlockItem for: pyrite_deepslate_ore
[02Sep2025 10:33:08.818] [modloading-worker-0/INFO] [net.Chidoziealways.everythingjapanese.EverythingJapanese/]: Attempting to register block: nephrite_ore
[02Sep2025 10:33:08.820] [modloading-worker-0/INFO] [net.Chidoziealways.everythingjapanese.EverythingJapanese/]: Registering BlockItem for: nephrite_ore
[02Sep2025 10:33:08.821] [modloading-worker-0/INFO] [net.Chidoziealways.everythingjapanese.EverythingJapanese/]: Attempting to register block: nephrite_deepslate_ore
[02Sep2025 10:33:08.821] [modloading-worker-0/INFO] [net.Chidoziealways.everythingjapanese.EverythingJapanese/]: Registering BlockItem for: nephrite_deepslate_ore
[02Sep2025 10:33:08.825] [modloading-worker-0/INFO] [net.Chidoziealways.everythingjapanese.EverythingJapanese/]: Attempting to register block: transformer_block
[02Sep2025 10:33:08.825] [modloading-worker-0/INFO] [net.Chidoziealways.everythingjapanese.EverythingJapanese/]: Registering BlockItem for: transformer_block
[02Sep2025 10:33:08.828] [modloading-worker-0/INFO] [net.Chidoziealways.everythingjapanese.EverythingJapanese/]: Attempting to register block: chocolate_cake
[02Sep2025 10:33:08.829] [modloading-worker-0/INFO] [net.Chidoziealways.everythingjapanese.EverythingJapanese/]: Registering BlockItem for: chocolate_cake
[02Sep2025 10:33:08.832] [modloading-worker-0/INFO] [net.Chidoziealways.everythingjapanese.EverythingJapanese/]: Attempting to register block: japanese_cheesecake
[02Sep2025 10:33:08.832] [modloading-worker-0/INFO] [net.Chidoziealways.everythingjapanese.EverythingJapanese/]: Registering BlockItem for: japanese_cheesecake
[02Sep2025 10:33:08.837] [modloading-worker-0/INFO] [net.Chidoziealways.everythingjapanese.EverythingJapanese/]: Attempting to register block: pedestal
[02Sep2025 10:33:08.838] [modloading-worker-0/INFO] [net.Chidoziealways.everythingjapanese.EverythingJapanese/]: Registering BlockItem for: pedestal
[02Sep2025 10:33:08.841] [modloading-worker-0/INFO] [net.Chidoziealways.everythingjapanese.EverythingJapanese/]: Attempting to register block: growth_chamber
[02Sep2025 10:33:08.841] [modloading-worker-0/INFO] [net.Chidoziealways.everythingjapanese.EverythingJapanese/]: Registering BlockItem for: growth_chamber
[02Sep2025 10:33:08.849] [modloading-worker-0/INFO] [net.Chidoziealways.everythingjapanese.EverythingJapanese/]: Attempting to register block: hinoki_maruta
[02Sep2025 10:33:08.849] [modloading-worker-0/INFO] [net.Chidoziealways.everythingjapanese.EverythingJapanese/]: Registering BlockItem for: hinoki_maruta
[02Sep2025 10:33:08.850] [modloading-worker-0/INFO] [net.Chidoziealways.everythingjapanese.EverythingJapanese/]: Attempting to register block: hinoki_mokuzai
[02Sep2025 10:33:08.850] [modloading-worker-0/INFO] [net.Chidoziealways.everythingjapanese.EverythingJapanese/]: Registering BlockItem for: hinoki_mokuzai
[02Sep2025 10:33:08.850] [modloading-worker-0/INFO] [net.Chidoziealways.everythingjapanese.EverythingJapanese/]: Attempting to register block: stripped_hinoki_maruta
[02Sep2025 10:33:08.850] [modloading-worker-0/INFO] [net.Chidoziealways.everythingjapanese.EverythingJapanese/]: Registering BlockItem for: stripped_hinoki_maruta
[02Sep2025 10:33:08.854] [modloading-worker-0/INFO] [net.Chidoziealways.everythingjapanese.EverythingJapanese/]: Attempting to register block: stripped_hinoki_mokuzai
[02Sep2025 10:33:08.855] [modloading-worker-0/INFO] [net.Chidoziealways.everythingjapanese.EverythingJapanese/]: Registering BlockItem for: stripped_hinoki_mokuzai
[02Sep2025 10:33:08.857] [modloading-worker-0/INFO] [net.Chidoziealways.everythingjapanese.EverythingJapanese/]: Attempting to register block: hinoki_ban
[02Sep2025 10:33:08.858] [modloading-worker-0/INFO] [net.Chidoziealways.everythingjapanese.EverythingJapanese/]: Registering BlockItem for: hinoki_ban
[02Sep2025 10:33:08.858] [modloading-worker-0/INFO] [net.Chidoziealways.everythingjapanese.EverythingJapanese/]: Attempting to register block: hinoki_ha
[02Sep2025 10:33:08.858] [modloading-worker-0/INFO] [net.Chidoziealways.everythingjapanese.EverythingJapanese/]: Registering BlockItem for: hinoki_ha
[02Sep2025 10:33:08.860] [modloading-worker-0/INFO] [net.Chidoziealways.everythingjapanese.EverythingJapanese/]: Attempting to register block: hinoki_naegi
[02Sep2025 10:33:08.860] [modloading-worker-0/INFO] [net.Chidoziealways.everythingjapanese.EverythingJapanese/]: Registering BlockItem for: hinoki_naegi
[02Sep2025 10:33:08.860] [modloading-worker-0/INFO] [net.Chidoziealways.everythingjapanese.EverythingJapanese/]: Attempting to register block: potted_hinoki_naegi
[02Sep2025 10:33:08.861] [modloading-worker-0/INFO] [net.Chidoziealways.everythingjapanese.EverythingJapanese/]: Registering BlockItem for: potted_hinoki_naegi
[02Sep2025 10:33:08.861] [modloading-worker-0/INFO] [net.Chidoziealways.everythingjapanese.EverythingJapanese/]: Attempting to register block: pyrite_stairs
[02Sep2025 10:33:08.861] [modloading-worker-0/INFO] [net.Chidoziealways.everythingjapanese.EverythingJapanese/]: Registering BlockItem for: pyrite_stairs
[02Sep2025 10:33:08.862] [modloading-worker-0/INFO] [net.Chidoziealways.everythingjapanese.EverythingJapanese/]: Attempting to register block: pyrite_slab
[02Sep2025 10:33:08.862] [modloading-worker-0/INFO] [net.Chidoziealways.everythingjapanese.EverythingJapanese/]: Registering BlockItem for: pyrite_slab
[02Sep2025 10:33:08.863] [modloading-worker-0/INFO] [net.Chidoziealways.everythingjapanese.EverythingJapanese/]: Attempting to register block: pyrite_pressure_plate
[02Sep2025 10:33:08.863] [modloading-worker-0/INFO] [net.Chidoziealways.everythingjapanese.EverythingJapanese/]: Registering BlockItem for: pyrite_pressure_plate
[02Sep2025 10:33:08.864] [modloading-worker-0/INFO] [net.Chidoziealways.everythingjapanese.EverythingJapanese/]: Attempting to register block: pyrite_button
[02Sep2025 10:33:08.864] [modloading-worker-0/INFO] [net.Chidoziealways.everythingjapanese.EverythingJapanese/]: Registering BlockItem for: pyrite_button
[02Sep2025 10:33:08.864] [modloading-worker-0/INFO] [net.Chidoziealways.everythingjapanese.EverythingJapanese/]: Attempting to register block: pyrite_fence
[02Sep2025 10:33:08.864] [modloading-worker-0/INFO] [net.Chidoziealways.everythingjapanese.EverythingJapanese/]: Registering BlockItem for: pyrite_fence
[02Sep2025 10:33:08.865] [modloading-worker-0/INFO] [net.Chidoziealways.everythingjapanese.EverythingJapanese/]: Attempting to register block: pyrite_fence_gate
[02Sep2025 10:33:08.865] [modloading-worker-0/INFO] [net.Chidoziealways.everythingjapanese.EverythingJapanese/]: Registering BlockItem for: pyrite_fence_gate
[02Sep2025 10:33:08.865] [modloading-worker-0/INFO] [net.Chidoziealways.everythingjapanese.EverythingJapanese/]: Attempting to register block: pyrite_wall
[02Sep2025 10:33:08.866] [modloading-worker-0/INFO] [net.Chidoziealways.everythingjapanese.EverythingJapanese/]: Registering BlockItem for: pyrite_wall
[02Sep2025 10:33:08.866] [modloading-worker-0/INFO] [net.Chidoziealways.everythingjapanese.EverythingJapanese/]: Attempting to register block: pyrite_door
[02Sep2025 10:33:08.866] [modloading-worker-0/INFO] [net.Chidoziealways.everythingjapanese.EverythingJapanese/]: Registering BlockItem for: pyrite_door
[02Sep2025 10:33:08.867] [modloading-worker-0/INFO] [net.Chidoziealways.everythingjapanese.EverythingJapanese/]: Attempting to register block: pyrite_trapdoor
[02Sep2025 10:33:08.868] [modloading-worker-0/INFO] [net.Chidoziealways.everythingjapanese.EverythingJapanese/]: Registering BlockItem for: pyrite_trapdoor
[02Sep2025 10:33:08.872] [modloading-worker-0/INFO] [net.Chidoziealways.everythingjapanese.EverythingJapanese/]: Attempting to register block: pyrite_lamp
[02Sep2025 10:33:08.873] [modloading-worker-0/INFO] [net.Chidoziealways.everythingjapanese.EverythingJapanese/]: Registering BlockItem for: pyrite_lamp
[02Sep2025 10:33:08.876] [modloading-worker-0/INFO] [net.Chidoziealways.everythingjapanese.EverythingJapanese/]: Attempting to register block: chair
[02Sep2025 10:33:08.876] [modloading-worker-0/INFO] [net.Chidoziealways.everythingjapanese.EverythingJapanese/]: Registering BlockItem for: chair
[02Sep2025 10:33:08.880] [modloading-worker-0/INFO] [net.Chidoziealways.everythingjapanese.EverythingJapanese/]: Attempting to register block: zabuton_blue
[02Sep2025 10:33:08.881] [modloading-worker-0/INFO] [net.Chidoziealways.everythingjapanese.EverythingJapanese/]: Registering BlockItem for: zabuton_blue
[02Sep2025 10:33:08.881] [modloading-worker-0/INFO] [net.Chidoziealways.everythingjapanese.EverythingJapanese/]: Attempting to register block: zabuton_green
[02Sep2025 10:33:08.882] [modloading-worker-0/INFO] [net.Chidoziealways.everythingjapanese.EverythingJapanese/]: Registering BlockItem for: zabuton_green
[02Sep2025 10:33:08.883] [modloading-worker-0/INFO] [net.Chidoziealways.everythingjapanese.EverythingJapanese/]: Attempting to register block: zabuton_red
[02Sep2025 10:33:08.883] [modloading-worker-0/INFO] [net.Chidoziealways.everythingjapanese.EverythingJapanese/]: Registering BlockItem for: zabuton_red
[02Sep2025 10:33:08.888] [modloading-worker-0/INFO] [net.Chidoziealways.everythingjapanese.EverythingJapanese/]: Attempting to register block: tatami_mat
[02Sep2025 10:33:08.888] [modloading-worker-0/INFO] [net.Chidoziealways.everythingjapanese.EverythingJapanese/]: Registering BlockItem for: tatami_mat
[02Sep2025 10:33:08.895] [modloading-worker-0/DEBUG] [net.Chidoziealways.everythingjapanese.EverythingJapanese/]: Registering Blocks
[02Sep2025 10:33:08.900] [modloading-worker-0/INFO] [net.Chidoziealways.everythingjapanese.EverythingJapanese/]: REGISTERING EVERY SINGLE DATA COMPONENT IN MODDATACOMPONENTTYPES
[02Sep2025 10:33:08.900] [modloading-worker-0/DEBUG] [net.Chidoziealways.everythingjapanese.EverythingJapanese/]: Registering DataComponents
[02Sep2025 10:33:08.906] [modloading-worker-0/DEBUG] [net.Chidoziealways.everythingjapanese.EverythingJapanese/]: Registering Sounds
[02Sep2025 10:33:08.909] [modloading-worker-0/DEBUG] [net.Chidoziealways.everythingjapanese.EverythingJapanese/]: Registering Effects
[02Sep2025 10:33:08.909] [modloading-worker-0/INFO] [net.Chidoziealways.everythingjapanese.EverythingJapanese/]: REGISTERING EVERY SINGLE ITEM IN MODITEMS
[02Sep2025 10:33:08.909] [modloading-worker-0/DEBUG] [net.Chidoziealways.everythingjapanese.EverythingJapanese/]: Registering Items
[02Sep2025 10:33:08.916] [modloading-worker-0/INFO] [net.Chidoziealways.everythingjapanese.EverythingJapanese/]: REGISTERING EVERY SINGLE CREATIVEMODETAB IN MODCREATIVEMODETABS
[02Sep2025 10:33:08.916] [modloading-worker-0/DEBUG] [net.Chidoziealways.everythingjapanese.EverythingJapanese/]: Registering CreativeMode Tabs
[02Sep2025 10:33:08.921] [modloading-worker-0/DEBUG] [net.Chidoziealways.everythingjapanese.EverythingJapanese/]: Registering Potions
[02Sep2025 10:33:08.924] [modloading-worker-0/DEBUG] [net.Chidoziealways.everythingjapanese.EverythingJapanese/]: Registering Enchantment Effects
[02Sep2025 10:33:08.929] [modloading-worker-0/DEBUG] [net.Chidoziealways.everythingjapanese.EverythingJapanese/]: Registering Entities
[02Sep2025 10:33:08.932] [modloading-worker-0/DEBUG] [net.Chidoziealways.everythingjapanese.EverythingJapanese/]: Registering Villagers
[02Sep2025 10:33:08.936] [modloading-worker-0/DEBUG] [net.Chidoziealways.everythingjapanese.EverythingJapanese/]: Registering Particles
[02Sep2025 10:33:08.940] [modloading-worker-0/DEBUG] [net.Chidoziealways.everythingjapanese.EverythingJapanese/]: Registering LootModifiers
[02Sep2025 10:33:08.944] [modloading-worker-0/DEBUG] [net.Chidoziealways.everythingjapanese.EverythingJapanese/]: Registering Block Entities
[02Sep2025 10:33:08.947] [modloading-worker-0/DEBUG] [net.Chidoziealways.everythingjapanese.EverythingJapanese/]: Registering MenuTypes
[02Sep2025 10:33:08.973] [modloading-worker-0/DEBUG] [net.Chidoziealways.everythingjapanese.EverythingJapanese/]: Registering Recipes
[02Sep2025 10:33:08.994] [modloading-worker-0/DEBUG] [net.Chidoziealways.everythingjapanese.EverythingJapanese/]: Hello
[02Sep2025 10:33:09.007] [modloading-worker-0/DEBUG] [net.neoforged.fml.config.ConfigTracker/CONFIG]: Config file everythingjapanese-common.toml for everythingjapanese tracking
[02Sep2025 10:33:09.011] [modloading-worker-0/DEBUG] [thedarkcolour.kotlinforforge.neoforge.LoggerKt/LOADING]: Attempting to inject @EventBusSubscriber kotlin objects in to the event bus for everythingjapanese
[02Sep2025 10:33:09.231] [modloading-worker-0/DEBUG] [thedarkcolour.kotlinforforge.neoforge.LoggerKt/LOADING]: Auto-subscribing kotlin object net.Chidoziealways.everythingjapanese.block.BlockEvents@646f59 to GAME
[02Sep2025 10:33:09.360] [modloading-worker-0/DEBUG] [thedarkcolour.kotlinforforge.neoforge.LoggerKt/LOADING]: Auto-subscribing kotlin object net.Chidoziealways.everythingjapanese.capabilities.CapabilityAttacher@7b41fecc to MOD
[02Sep2025 10:33:09.375] [modloading-worker-0/DEBUG] [thedarkcolour.kotlinforforge.neoforge.LoggerKt/LOADING]: Auto-subscribing kotlin object net.Chidoziealways.everythingjapanese.capabilities.PlayerEvents@6e8f685c to GAME
[02Sep2025 10:33:09.382] [modloading-worker-0/DEBUG] [thedarkcolour.kotlinforforge.neoforge.LoggerKt/LOADING]: Auto-subscribing kotlin object net.Chidoziealways.everythingjapanese.chakra.ChakraRegenerationHandler@37db7c25 to GAME
[02Sep2025 10:33:09.392] [modloading-worker-0/DEBUG] [thedarkcolour.kotlinforforge.neoforge.LoggerKt/LOADING]: Auto-subscribing kotlin object net.Chidoziealways.everythingjapanese.commands.comands.FinishQuestCommand@6ec5f011 to GAME
[02Sep2025 10:33:09.398] [modloading-worker-0/DEBUG] [thedarkcolour.kotlinforforge.neoforge.LoggerKt/LOADING]: Auto-subscribing kotlin object net.Chidoziealways.everythingjapanese.commands.comands.GetChakraCommand@12df40cf to GAME
[02Sep2025 10:33:09.407] [modloading-worker-0/DEBUG] [thedarkcolour.kotlinforforge.neoforge.LoggerKt/LOADING]: Auto-subscribing kotlin object net.Chidoziealways.everythingjapanese.commands.comands.LearnJutsuCommand@67d3922a to GAME
[02Sep2025 10:33:09.412] [modloading-worker-0/DEBUG] [thedarkcolour.kotlinforforge.neoforge.LoggerKt/LOADING]: Auto-subscribing kotlin object net.Chidoziealways.everythingjapanese.commands.comands.SetChakraCommand@175615f5 to GAME
[02Sep2025 10:33:09.422] [modloading-worker-0/DEBUG] [thedarkcolour.kotlinforforge.neoforge.LoggerKt/LOADING]: Auto-subscribing kotlin object net.Chidoziealways.everythingjapanese.commands.comands.StartQuestCommand@1ba2ee3 to GAME
[02Sep2025 10:33:09.454] [modloading-worker-0/DEBUG] [thedarkcolour.kotlinforforge.neoforge.LoggerKt/LOADING]: Auto-subscribing kotlin object net.Chidoziealways.everythingjapanese.Config@49f918d5 to MOD
[02Sep2025 10:33:09.477] [modloading-worker-0/DEBUG] [thedarkcolour.kotlinforforge.neoforge.LoggerKt/LOADING]: Auto-subscribing kotlin object net.Chidoziealways.everythingjapanese.datagen.DataGenerators@2395f645 to MOD
[02Sep2025 10:33:09.489] [modloading-worker-0/DEBUG] [thedarkcolour.kotlinforforge.neoforge.LoggerKt/LOADING]: Auto-subscribing kotlin object net.Chidoziealways.everythingjapanese.event.ModClientEvents@50838e2 to GAME
[02Sep2025 10:33:09.512] [modloading-worker-0/DEBUG] [thedarkcolour.kotlinforforge.neoforge.LoggerKt/LOADING]: Auto-subscribing kotlin object net.Chidoziealways.everythingjapanese.event.ModEventBusEvents@7ce313e3 to MOD
[02Sep2025 10:33:09.540] [modloading-worker-0/DEBUG] [thedarkcolour.kotlinforforge.neoforge.LoggerKt/LOADING]: Auto-subscribing kotlin object net.Chidoziealways.everythingjapanese.event.ModEvents@52311a6e to GAME
[02Sep2025 10:33:09.560] [modloading-worker-0/DEBUG] [thedarkcolour.kotlinforforge.neoforge.LoggerKt/LOADING]: Auto-subscribing kotlin object net.Chidoziealways.everythingjapanese.event.ModRegistryEvents@6ef5f82d to MOD
[02Sep2025 10:33:09.592] [modloading-worker-0/DEBUG] [thedarkcolour.kotlinforforge.neoforge.LoggerKt/LOADING]: Auto-subscribing kotlin object net.Chidoziealways.everythingjapanese.event.QuestEvents@5fd16dfc to GAME
[02Sep2025 10:33:09.614] [modloading-worker-0/DEBUG] [mixin/]: Mixing client.EntityRendererMixin from geckolib.mixins.json into net.minecraft.client.renderer.entity.EntityRenderer
[02Sep2025 10:33:09.615] [modloading-worker-0/DEBUG] [mixin/]: geckolib.mixins.json:client.EntityRendererMixin from mod geckolib: Class version 65 required is higher than the class version supported by the current version of Mixin (JAVA_17 supports class version 61)
[02Sep2025 10:33:09.658] [modloading-worker-0/DEBUG] [thedarkcolour.kotlinforforge.neoforge.LoggerKt/LOADING]: Auto-subscribing kotlin object net.Chidoziealways.everythingjapanese.EverythingJapanese$ClientModEvents@4b493b2 to MOD
[02Sep2025 10:33:09.677] [modloading-worker-0/DEBUG] [thedarkcolour.kotlinforforge.neoforge.LoggerKt/LOADING]: Auto-subscribing kotlin object net.Chidoziealways.everythingjapanese.gui.layers.ModGUILayers@5bc1a56 to MOD
[02Sep2025 10:33:09.684] [modloading-worker-0/DEBUG] [thedarkcolour.kotlinforforge.neoforge.LoggerKt/LOADING]: Auto-subscribing kotlin object net.Chidoziealways.everythingjapanese.item.properties.ModItemModelProperties@7e4fa6d8 to MOD
[02Sep2025 10:33:09.692] [modloading-worker-0/DEBUG] [thedarkcolour.kotlinforforge.neoforge.LoggerKt/LOADING]: Auto-subscribing kotlin object net.Chidoziealways.everythingjapanese.item.ToolTipEventHandler@69e6bfa0 to GAME
[02Sep2025 10:33:09.723] [modloading-worker-0/DEBUG] [thedarkcolour.kotlinforforge.neoforge.LoggerKt/LOADING]: Auto-subscribing kotlin object net.Chidoziealways.everythingjapanese.network.ModNetwork@1ef719c7 to MOD
[02Sep2025 10:33:09.775] [modloading-worker-0/DEBUG] [thedarkcolour.kotlinforforge.neoforge.LoggerKt/LOADING]: Auto-subscribing kotlin object net.Chidoziealways.everythingjapanese.quest.conditions.CollectItemCondition@29172c5f to GAME
[02Sep2025 10:33:09.792] [modloading-worker-0/DEBUG] [thedarkcolour.kotlinforforge.neoforge.LoggerKt/LOADING]: Auto-subscribing kotlin object net.Chidoziealways.everythingjapanese.quest.conditions.KillEntityCondition@2bde003 to GAME
[02Sep2025 10:33:09.799] [modloading-worker-0/DEBUG] [thedarkcolour.kotlinforforge.neoforge.LoggerKt/LOADING]: Auto-subscribing kotlin object net.Chidoziealways.everythingjapanese.quest.QuestStageProgressionHandler@43a6a907 to GAME
[02Sep2025 10:33:09.812] [modloading-worker-0/DEBUG] [thedarkcolour.kotlinforforge.neoforge.LoggerKt/LOADING]: Subscribing kotlin function public final void net.Chidoziealways.everythingjapanese.reload.ReloadEvent.onReloadClient(net.neoforged.neoforge.client.event.AddClientReloadListenersEvent) to the MOD event bus
[02Sep2025 10:33:09.814] [modloading-worker-0/DEBUG] [thedarkcolour.kotlinforforge.neoforge.LoggerKt/LOADING]: Subscribing kotlin function public final void net.Chidoziealways.everythingjapanese.reload.ReloadEvent.onReload(net.neoforged.neoforge.event.AddServerReloadListenersEvent) to the GAME event bus
[02Sep2025 10:33:09.825] [modloading-worker-0/DEBUG] [thedarkcolour.kotlinforforge.neoforge.LoggerKt/LOADING]: Auto-subscribing kotlin object net.Chidoziealways.everythingjapanese.stamina.StaminaHandler@485ab881 to GAME
[02Sep2025 10:33:09.840] [modloading-worker-0/DEBUG] [thedarkcolour.kotlinforforge.neoforge.LoggerKt/LOADING]: Auto-subscribing kotlin object net.Chidoziealways.everythingjapanese.util.KeyPressHandler@419a153d to GAME
[02Sep2025 10:33:09.862] [modloading-worker-0/DEBUG] [thedarkcolour.kotlinforforge.neoforge.LoggerKt/LOADING]: Auto-subscribing kotlin object net.Chidoziealways.everythingjapanese.util.ModKeyBinds@2ecabdb8 to MOD
[02Sep2025 10:33:09.874] [modloading-sync-worker/INFO] [net.Chidoziealways.everythingjapanese.event.ModRegistryEvents/MODREGISTRYEVENTS]: Registering Custom Registries
[02Sep2025 10:33:09.874] [modloading-sync-worker/INFO] [net.Chidoziealways.everythingjapanese.event.ModRegistryEvents/MODREGISTRYEVENTS]: Finished Registering Registries
[02Sep2025 10:33:09.875] [modloading-sync-worker/INFO] [net.Chidoziealways.everythingjapanese.event.ModRegistryEvents/MODREGISTRYEVENTS]: Registering Custom Datapack Registries
[02Sep2025 10:33:09.900] [modloading-sync-worker/INFO] [net.Chidoziealways.everythingjapanese.event.ModRegistryEvents/MODREGISTRYEVENTS]: Finished Registering Datapack Registries
[02Sep2025 10:33:10.811] [modloading-sync-worker/DEBUG] [net.neoforged.fml.config.ConfigTracker/CONFIG]: Loading configs type CLIENT
[02Sep2025 10:33:10.840] [modloading-sync-worker/DEBUG] [net.neoforged.neoforge.common.NeoForgeMod/FORGEMOD]: Loaded NeoForge config file neoforge-client.toml
[02Sep2025 10:33:10.840] [modloading-sync-worker/DEBUG] [net.neoforged.fml.config.ConfigTracker/CONFIG]: Loaded TOML config file C:\Users\Hanzo\IdeaProjects\EverythingJapanese\runs\client\config\neoforge-client.toml
[02Sep2025 10:33:10.855] [modloading-sync-worker/DEBUG] [net.neoforged.fml.config.ConfigTracker/CONFIG]: Watching TOML config file C:\Users\Hanzo\IdeaProjects\EverythingJapanese\runs\client\config\neoforge-client.toml for changes
[02Sep2025 10:33:10.855] [modloading-sync-worker/DEBUG] [net.neoforged.fml.config.ConfigTracker/CONFIG]: Loading configs type COMMON
[02Sep2025 10:33:10.858] [modloading-sync-worker/DEBUG] [net.neoforged.neoforge.common.NeoForgeMod/FORGEMOD]: Loaded NeoForge config file neoforge-common.toml
[02Sep2025 10:33:10.858] [modloading-sync-worker/DEBUG] [net.neoforged.fml.config.ConfigTracker/CONFIG]: Loaded TOML config file C:\Users\Hanzo\IdeaProjects\EverythingJapanese\runs\client\config\neoforge-common.toml
[02Sep2025 10:33:10.859] [modloading-sync-worker/DEBUG] [net.neoforged.fml.config.ConfigTracker/CONFIG]: Watching TOML config file C:\Users\Hanzo\IdeaProjects\EverythingJapanese\runs\client\config\neoforge-common.toml for changes
[02Sep2025 10:33:10.864] [modloading-sync-worker/DEBUG] [net.neoforged.fml.config.ConfigTracker/CONFIG]: Loaded TOML config file C:\Users\Hanzo\IdeaProjects\EverythingJapanese\runs\client\config\everythingjapanese-common.toml
[02Sep2025 10:33:10.865] [modloading-sync-worker/DEBUG] [net.neoforged.fml.config.ConfigTracker/CONFIG]: Watching TOML config file C:\Users\Hanzo\IdeaProjects\EverythingJapanese\runs\client\config\everythingjapanese-common.toml for changes
[02Sep2025 10:33:11.142] [Render thread/WARN] [net.minecraft.server.packs.VanillaPackResourcesBuilder/]: Assets URL 'union:/C:/Users/Hanzo/IdeaProjects/EverythingJapanese/build/moddev/artifacts/neoforge-21.8.40.jar%23214!/assets/.mcassetsroot' uses unexpected schema
[02Sep2025 10:33:11.144] [Render thread/WARN] [net.minecraft.server.packs.VanillaPackResourcesBuilder/]: Assets URL 'union:/C:/Users/Hanzo/IdeaProjects/EverythingJapanese/build/moddev/artifacts/neoforge-21.8.40.jar%23214!/data/.mcassetsroot' uses unexpected schema
[02Sep2025 10:33:11.222] [Render thread/INFO] [com.mojang.authlib.yggdrasil.YggdrasilAuthenticationService/]: Environment: Environment[sessionHost=https://sessionserver.mojang.com, servicesHost=https://api.minecraftservices.com, name=PROD]
[02Sep2025 10:33:11.277] [Render thread/INFO] [net.minecraft.client.Minecraft/]: Setting user: Dev
[02Sep2025 10:33:11.749] [Render thread/INFO] [net.minecraft.client.Minecraft/]: Backend library: LWJGL version 3.3.3+5
[02Sep2025 10:33:12.044] [Render thread/INFO] [net.minecraft.client.Minecraft/]: Using optional rendering extensions: GL_ARB_buffer_storage, GL_KHR_debug, GL_ARB_vertex_attrib_binding, GL_ARB_direct_state_access
[02Sep2025 10:33:12.101] [Render thread/DEBUG] [mixin/]: Mixing client.SpecialModelWrapperMixin from geckolib.mixins.json into net.minecraft.client.renderer.item.SpecialModelWrapper
[02Sep2025 10:33:12.101] [Render thread/DEBUG] [mixin/]: geckolib.mixins.json:client.SpecialModelWrapperMixin from mod geckolib: Class version 65 required is higher than the class version supported by the current version of Mixin (JAVA_17 supports class version 61)
[02Sep2025 10:33:12.139] [Render thread/DEBUG] [mixin/]: Mixing client.SpecialModelRenderersMixin from geckolib.mixins.json into net.minecraft.client.renderer.special.SpecialModelRenderers
[02Sep2025 10:33:12.140] [Render thread/DEBUG] [mixin/]: geckolib.mixins.json:client.SpecialModelRenderersMixin from mod geckolib: Class version 65 required is higher than the class version supported by the current version of Mixin (JAVA_17 supports class version 61)
[02Sep2025 10:33:12.143] [Render thread/DEBUG] [mixin/]: geckolib.mixins.json:client.SpecialModelRenderersMixin from mod geckolib->@Inject::geckolib$addSpecialRenderer(Lorg/spongepowered/asm/mixin/injection/callback/CallbackInfo;)V doesn't use it's CallbackInfo
[02Sep2025 10:33:12.922] [Render thread/DEBUG] [mixin/]: Mixing client.TextureManagerMixin from geckolib.mixins.json into net.minecraft.client.renderer.texture.TextureManager
[02Sep2025 10:33:12.923] [Render thread/DEBUG] [mixin/]: geckolib.mixins.json:client.TextureManagerMixin from mod geckolib: Class version 65 required is higher than the class version supported by the current version of Mixin (JAVA_17 supports class version 61)
[02Sep2025 10:33:13.467] [Render thread/DEBUG] [mixin/]: Mixing client.EntityRenderDispatcherMixin from geckolib.mixins.json into net.minecraft.client.renderer.entity.EntityRenderDispatcher
[02Sep2025 10:33:13.467] [Render thread/DEBUG] [mixin/]: geckolib.mixins.json:client.EntityRenderDispatcherMixin from mod geckolib: Class version 65 required is higher than the class version supported by the current version of Mixin (JAVA_17 supports class version 61)
[02Sep2025 10:33:14.362] [Render thread/INFO] [net.minecraft.server.packs.resources.ReloadableResourceManager/]: Reloading ResourceManager: vanilla, mod_resources, mod/kotlinforforge, mod/everythingjapanese, mod/geckolib, mod/neoforge
[02Sep2025 10:33:14.580] [resourceLoad/INFO] [net.minecraft.client.gui.font.providers.UnihexProvider/]: Found unifont_pua-16.0.03.hex, loading
[02Sep2025 10:33:14.582] [resourceLoad/INFO] [net.minecraft.client.gui.font.providers.UnihexProvider/]: Found unifont_all_no_pua-16.0.03.hex, loading
[02Sep2025 10:33:14.623] [resourceLoad/DEBUG] [mixin/]: Mixing client.EntityRenderStateMixin from geckolib.mixins.json into net.minecraft.client.renderer.entity.state.EntityRenderState
[02Sep2025 10:33:14.624] [resourceLoad/DEBUG] [mixin/]: geckolib.mixins.json:client.EntityRenderStateMixin from mod geckolib: Class version 65 required is higher than the class version supported by the current version of Mixin (JAVA_17 supports class version 61)
[02Sep2025 10:33:14.765] [Render thread/DEBUG] [net.neoforged.fml.DeferredWorkQueue/LOADING]: Dispatching synchronous work for work queue Common setup: 2 jobs
[02Sep2025 10:33:14.794] [Render thread/DEBUG] [net.neoforged.fml.DeferredWorkQueue/LOADING]: Synchronous work queue completed in 25.28 ms
[02Sep2025 10:33:15.603] [resourceLoad/INFO] [net.minecraft.client.gui.font.providers.UnihexProvider/]: Found unifont_jp_patch-16.0.03.hex, loading
[02Sep2025 10:33:20.447] [resourceLoad/DEBUG] [mixin/]: Mixing client.LivingEntityRendererMixin from geckolib.mixins.json into net.minecraft.client.renderer.entity.LivingEntityRenderer
[02Sep2025 10:33:20.482] [resourceLoad/DEBUG] [mixin/]: geckolib.mixins.json:client.LivingEntityRendererMixin from mod geckolib: Class version 65 required is higher than the class version supported by the current version of Mixin (JAVA_17 supports class version 61)
[02Sep2025 10:33:20.528] [resourceLoad/DEBUG] [mixin/]: geckolib.mixins.json:client.LivingEntityRendererMixin from mod geckolib->@Inject::geckolib$captureDataForArmorLayer(Lnet/minecraft/world/entity/LivingEntity;Lnet/minecraft/client/renderer/entity/state/LivingEntityRenderState;FLorg/spongepowered/asm/mixin/injection/callback/CallbackInfo;)V doesn't use it's CallbackInfo
[02Sep2025 10:33:20.536] [resourceLoad/DEBUG] [mixin/]: geckolib.mixins.json:client.LivingEntityRendererMixin from mod geckolib->@Inject::geckolib$captureDataForArmorLayer(Lnet/minecraft/world/entity/LivingEntity;Lnet/minecraft/client/renderer/entity/state/LivingEntityRenderState;FLorg/spongepowered/asm/mixin/injection/callback/CallbackInfo;)V has 0 override(s) in child classes
[02Sep2025 10:33:20.537] [resourceLoad/DEBUG] [mixin/]: geckolib.mixins.json:client.LivingEntityRendererMixin from mod geckolib->@Inject::geckolib$captureDataForArmorLayer(Lnet/minecraft/world/entity/LivingEntity;Lnet/minecraft/client/renderer/entity/state/LivingEntityRenderState;FLorg/spongepowered/asm/mixin/injection/callback/CallbackInfo;)V won't be passed a CallbackInfo as a result
[02Sep2025 10:33:20.745] [resourceLoad/DEBUG] [mixin/]: Mixing client.HumanoidArmorLayerMixin from geckolib.mixins.json into net.minecraft.client.renderer.entity.layers.HumanoidArmorLayer
[02Sep2025 10:33:20.746] [resourceLoad/DEBUG] [mixin/]: geckolib.mixins.json:client.HumanoidArmorLayerMixin from mod geckolib: Class version 65 required is higher than the class version supported by the current version of Mixin (JAVA_17 supports class version 61)
[02Sep2025 10:33:21.986] [resourceLoad/WARN] [net.minecraft.client.resources.model.ModelDiscovery/]: Missing block model: minecraft:builtin/entity
[02Sep2025 10:33:23.541] [resourceLoad/WARN] [net.minecraft.client.resources.model.ModelManager/]: Missing textures in model everythingjapanese:item/nephrite_chestplate_pyrite_trim:
    minecraft:textures/atlas/blocks.png:minecraft:trims/items/chestplate_trim_pyrite
[02Sep2025 10:33:23.542] [resourceLoad/WARN] [net.minecraft.client.resources.model.ModelManager/]: Missing textures in model everythingjapanese:item/samurai_helmet_pyrite_trim:
    minecraft:textures/atlas/blocks.png:minecraft:trims/items/helmet_trim_pyrite
[02Sep2025 10:33:23.543] [resourceLoad/WARN] [net.minecraft.client.resources.model.ModelManager/]: Missing textures in model everythingjapanese:block/chabudai:
    minecraft:textures/atlas/blocks.png:minecraft:chabudai
[02Sep2025 10:33:23.544] [resourceLoad/WARN] [net.minecraft.client.resources.model.ModelManager/]: Missing textures in model everythingjapanese:block/washi_window_pane_side:
    minecraft:textures/atlas/blocks.png:everythingjapanese:block/washi_window_pane_top
[02Sep2025 10:33:23.544] [resourceLoad/WARN] [net.minecraft.client.resources.model.ModelManager/]: Missing textures in model everythingjapanese:item/pyrite_chestplate_pyrite_trim:
    minecraft:textures/atlas/blocks.png:minecraft:trims/items/chestplate_trim_pyrite
[02Sep2025 10:33:23.544] [resourceLoad/WARN] [net.minecraft.client.resources.model.ModelManager/]: Missing textures in model everythingjapanese:item/nephrite_helmet_pyrite_trim:
    minecraft:textures/atlas/blocks.png:minecraft:trims/items/helmet_trim_pyrite
[02Sep2025 10:33:23.544] [resourceLoad/WARN] [net.minecraft.client.resources.model.ModelManager/]: Missing textures in model everythingjapanese:item/nephrite_boots_pyrite_trim:
    minecraft:textures/atlas/blocks.png:minecraft:trims/items/boots_trim_pyrite
[02Sep2025 10:33:23.545] [resourceLoad/WARN] [net.minecraft.client.resources.model.ModelManager/]: Missing textures in model everythingjapanese:item/samurai_leggings_pyrite_trim:
    minecraft:textures/atlas/blocks.png:minecraft:trims/items/leggings_trim_pyrite
[02Sep2025 10:33:23.545] [resourceLoad/WARN] [net.minecraft.client.resources.model.ModelManager/]: Missing textures in model everythingjapanese:item/pyrite_leggings_pyrite_trim:
    minecraft:textures/atlas/blocks.png:minecraft:trims/items/leggings_trim_pyrite
[02Sep2025 10:33:23.545] [resourceLoad/WARN] [net.minecraft.client.resources.model.ModelManager/]: Missing textures in model everythingjapanese:block/washi_window_pane_post:
    minecraft:textures/atlas/blocks.png:everythingjapanese:block/washi_window_pane_top
[02Sep2025 10:33:23.545] [resourceLoad/WARN] [net.minecraft.client.resources.model.ModelManager/]: Missing textures in model everythingjapanese:block/washi_window_pane_side_alt:
    minecraft:textures/atlas/blocks.png:everythingjapanese:block/washi_window_pane_top
[02Sep2025 10:33:23.545] [resourceLoad/WARN] [net.minecraft.client.resources.model.ModelManager/]: Missing textures in model everythingjapanese:item/pyrite_boots_pyrite_trim:
    minecraft:textures/atlas/blocks.png:minecraft:trims/items/boots_trim_pyrite
[02Sep2025 10:33:23.546] [resourceLoad/WARN] [net.minecraft.client.resources.model.ModelManager/]: Missing textures in model everythingjapanese:item/nephrite_leggings_pyrite_trim:
    minecraft:textures/atlas/blocks.png:minecraft:trims/items/leggings_trim_pyrite
[02Sep2025 10:33:23.546] [resourceLoad/WARN] [net.minecraft.client.resources.model.ModelManager/]: Missing textures in model everythingjapanese:item/samurai_boots_pyrite_trim:
    minecraft:textures/atlas/blocks.png:minecraft:trims/items/boots_trim_pyrite
[02Sep2025 10:33:23.547] [resourceLoad/WARN] [net.minecraft.client.resources.model.ModelManager/]: Missing textures in model everythingjapanese:item/pyrite_helmet_pyrite_trim:
    minecraft:textures/atlas/blocks.png:minecraft:trims/items/helmet_trim_pyrite
[02Sep2025 10:33:23.547] [resourceLoad/WARN] [net.minecraft.client.resources.model.ModelManager/]: Missing textures in model everythingjapanese:item/samurai_chestplate_pyrite_trim:
    minecraft:textures/atlas/blocks.png:minecraft:trims/items/chestplate_trim_pyrite
[02Sep2025 10:33:23.547] [resourceLoad/WARN] [net.minecraft.client.resources.model.ModelManager/]: Missing textures in model everythingjapanese:block/blood:
    minecraft:textures/atlas/blocks.png:minecraft:block/blood_still
[02Sep2025 10:33:27.196] [Render thread/INFO] [com.mojang.blaze3d.audio.Library/]: OpenAL initialized on device OpenAL Soft on Speakers (Conexant ISST Audio)
[02Sep2025 10:33:27.198] [Render thread/INFO] [net.minecraft.client.sounds.SoundEngine/SOUNDS]: Sound engine started
[02Sep2025 10:33:27.492] [Render thread/INFO] [net.minecraft.client.renderer.texture.TextureAtlas/]: Created: 1024x1024x4 minecraft:textures/atlas/blocks.png-atlas
[02Sep2025 10:33:32.298] [Render thread/INFO] [net.minecraft.client.renderer.texture.TextureAtlas/]: Created: 256x256x4 minecraft:textures/atlas/signs.png-atlas
[02Sep2025 10:33:32.521] [Render thread/INFO] [net.minecraft.client.renderer.texture.TextureAtlas/]: Created: 512x512x4 minecraft:textures/atlas/shield_patterns.png-atlas
[02Sep2025 10:33:33.042] [Render thread/INFO] [net.minecraft.client.renderer.texture.TextureAtlas/]: Created: 512x512x4 minecraft:textures/atlas/banner_patterns.png-atlas
[02Sep2025 10:33:33.609] [Render thread/INFO] [net.minecraft.client.renderer.texture.TextureAtlas/]: Created: 2048x1024x4 minecraft:textures/atlas/armor_trims.png-atlas
[02Sep2025 10:33:35.879] [Render thread/INFO] [net.minecraft.client.renderer.texture.TextureAtlas/]: Created: 256x256x4 minecraft:textures/atlas/chest.png-atlas
[02Sep2025 10:33:35.883] [Render thread/INFO] [net.minecraft.client.renderer.texture.TextureAtlas/]: Created: 128x64x4 minecraft:textures/atlas/decorated_pot.png-atlas
[02Sep2025 10:33:35.888] [Render thread/INFO] [net.minecraft.client.renderer.texture.TextureAtlas/]: Created: 512x256x4 minecraft:textures/atlas/beds.png-atlas
[02Sep2025 10:33:35.892] [Render thread/INFO] [net.minecraft.client.renderer.texture.TextureAtlas/]: Created: 512x256x4 minecraft:textures/atlas/shulker_boxes.png-atlas
[02Sep2025 10:33:35.904] [Render thread/INFO] [net.minecraft.client.renderer.texture.TextureAtlas/]: Created: 64x64x0 minecraft:textures/atlas/map_decorations.png-atlas
[02Sep2025 10:33:35.912] [Render thread/INFO] [net.neoforged.neoforge.client.entity.animation.json.AnimationLoader/]: Loaded 0 entity animations
[02Sep2025 10:33:36.212] [Render thread/INFO] [net.minecraft.client.renderer.texture.TextureAtlas/]: Created: 512x256x0 minecraft:textures/atlas/particles.png-atlas
[02Sep2025 10:33:36.244] [Render thread/INFO] [net.minecraft.client.renderer.texture.TextureAtlas/]: Created: 512x512x0 minecraft:textures/atlas/paintings.png-atlas
[02Sep2025 10:33:36.254] [Render thread/INFO] [net.minecraft.client.renderer.texture.TextureAtlas/]: Created: 1024x512x0 minecraft:textures/atlas/gui.png-atlas
[02Sep2025 10:34:21.002] [Render thread/INFO] [net.minecraft.world.item.crafting.RecipeManager/]: Loaded 1480 recipes
[02Sep2025 10:34:21.023] [Render thread/INFO] [net.minecraft.advancements.AdvancementTree/]: Loaded 1591 advancements
[02Sep2025 10:34:21.030] [Render thread/INFO] [net.neoforged.neoforge.common.crafting.RecipePriorityManager/]: Loaded 0 recipe priority overrides
[02Sep2025 10:34:21.301] [Render thread/DEBUG] [net.neoforged.neoforge.common.CommonHooks/WP]: Gathered mod list to write to world save New Worlds
[02Sep2025 10:34:21.569] [Server thread/INFO] [net.minecraft.client.server.IntegratedServer/]: Starting integrated minecraft server version 1.21.8
[02Sep2025 10:34:21.569] [Server thread/INFO] [net.minecraft.server.MinecraftServer/]: Generating keypair
[02Sep2025 10:34:21.723] [Server thread/DEBUG] [net.neoforged.fml.config.ConfigTracker/CONFIG]: Loading configs type SERVER
[02Sep2025 10:34:21.727] [Server thread/DEBUG] [net.neoforged.neoforge.common.NeoForgeMod/FORGEMOD]: Loaded NeoForge config file neoforge-server.toml
[02Sep2025 10:34:21.727] [Server thread/DEBUG] [net.neoforged.fml.config.ConfigTracker/CONFIG]: Loaded TOML config file C:\Users\Hanzo\IdeaProjects\EverythingJapanese\runs\client\config\neoforge-server.toml
[02Sep2025 10:34:21.729] [Server thread/DEBUG] [net.neoforged.fml.config.ConfigTracker/CONFIG]: Watching TOML config file C:\Users\Hanzo\IdeaProjects\EverythingJapanese\runs\client\config\neoforge-server.toml for changes
[02Sep2025 10:34:22.742] [Server thread/INFO] [net.minecraft.server.MinecraftServer/]: Preparing start region for dimension minecraft:overworld
[02Sep2025 10:34:26.921] [progressListener/INFO] [net.minecraft.server.level.progress.LoggerChunkProgressListener/]: Preparing spawn area: 0%
[02Sep2025 10:34:26.922] [progressListener/INFO] [net.minecraft.server.level.progress.LoggerChunkProgressListener/]: Preparing spawn area: 0%
[02Sep2025 10:34:26.923] [progressListener/INFO] [net.minecraft.server.level.progress.LoggerChunkProgressListener/]: Preparing spawn area: 0%
[02Sep2025 10:34:26.925] [progressListener/INFO] [net.minecraft.server.level.progress.LoggerChunkProgressListener/]: Preparing spawn area: 0%
[02Sep2025 10:34:26.928] [progressListener/INFO] [net.minecraft.server.level.progress.LoggerChunkProgressListener/]: Preparing spawn area: 0%
[02Sep2025 10:34:26.929] [progressListener/INFO] [net.minecraft.server.level.progress.LoggerChunkProgressListener/]: Preparing spawn area: 0%
[02Sep2025 10:34:26.929] [progressListener/INFO] [net.minecraft.server.level.progress.LoggerChunkProgressListener/]: Preparing spawn area: 0%
[02Sep2025 10:34:26.930] [progressListener/INFO] [net.minecraft.server.level.progress.LoggerChunkProgressListener/]: Preparing spawn area: 0%
[02Sep2025 10:34:26.930] [progressListener/INFO] [net.minecraft.server.level.progress.LoggerChunkProgressListener/]: Preparing spawn area: 0%
[02Sep2025 10:34:27.282] [progressListener/INFO] [net.minecraft.server.level.progress.LoggerChunkProgressListener/]: Preparing spawn area: 18%
[02Sep2025 10:34:27.412] [Server thread/INFO] [net.neoforged.neoforge.server.permission.PermissionAPI/]: Successfully initialized permission handler neoforge:default_handler
[02Sep2025 10:34:27.415] [progressListener/INFO] [net.minecraft.server.level.progress.LoggerChunkProgressListener/]: Time elapsed: 4663 ms
[02Sep2025 10:34:27.688] [Server thread/INFO] [net.minecraft.client.server.IntegratedServer/]: Changing view distance to 12, from 10
[02Sep2025 10:34:27.688] [Server thread/INFO] [net.minecraft.client.server.IntegratedServer/]: Changing simulation distance to 12, from 0
[02Sep2025 10:34:27.752] [Render thread/DEBUG] [io.netty.channel.MultithreadEventLoopGroup/]: -Dio.netty.eventLoopThreads: 16
[02Sep2025 10:34:27.798] [Render thread/DEBUG] [io.netty.util.concurrent.GlobalEventExecutor/]: -Dio.netty.globalEventExecutor.quietPeriodSeconds: 1
[02Sep2025 10:34:27.847] [Render thread/DEBUG] [io.netty.channel.nio.NioEventLoop/]: -Dio.netty.noKeySetOptimization: false
[02Sep2025 10:34:27.847] [Render thread/DEBUG] [io.netty.channel.nio.NioEventLoop/]: -Dio.netty.selectorAutoRebuildThreshold: 512
[02Sep2025 10:34:27.866] [Render thread/DEBUG] [io.netty.util.internal.PlatformDependent/]: org.jctools-core.MpscChunkedArrayQueue: available
[02Sep2025 10:34:27.987] [Render thread/DEBUG] [io.netty.channel.DefaultChannelId/]: -Dio.netty.processId: 7248 (auto-detected)
[02Sep2025 10:34:27.995] [Render thread/DEBUG] [io.netty.util.NetUtil/]: -Djava.net.preferIPv4Stack: false
[02Sep2025 10:34:27.996] [Render thread/DEBUG] [io.netty.util.NetUtil/]: -Djava.net.preferIPv6Addresses: system
[02Sep2025 10:34:28.042] [Render thread/DEBUG] [io.netty.util.NetUtilInitializations/]: Loopback interface: loopback_0 (Software Loopback Interface 1, 0:0:0:0:0:0:0:1)
[02Sep2025 10:34:28.046] [Render thread/DEBUG] [io.netty.util.NetUtil/]: Failed to get SOMAXCONN from sysctl and file \proc\sys\net\core\somaxconn. Default: 200
[02Sep2025 10:34:28.048] [Render thread/DEBUG] [io.netty.channel.DefaultChannelId/]: -Dio.netty.machineId: 9c:7b:ef:ff:fe:74:0b:88 (auto-detected)
[02Sep2025 10:34:28.102] [Render thread/DEBUG] [io.netty.bootstrap.ChannelInitializerExtensions/]: -Dio.netty.bootstrap.extensions: null
[02Sep2025 10:34:28.356] [Render thread/DEBUG] [io.netty.util.Recycler/]: -Dio.netty.recycler.maxCapacityPerThread: 4096
[02Sep2025 10:34:28.356] [Render thread/DEBUG] [io.netty.util.Recycler/]: -Dio.netty.recycler.ratio: 8
[02Sep2025 10:34:28.356] [Render thread/DEBUG] [io.netty.util.Recycler/]: -Dio.netty.recycler.chunkSize: 32
[02Sep2025 10:34:28.356] [Render thread/DEBUG] [io.netty.util.Recycler/]: -Dio.netty.recycler.blocking: false
[02Sep2025 10:34:28.356] [Render thread/DEBUG] [io.netty.util.Recycler/]: -Dio.netty.recycler.batchFastThreadLocalOnly: true
[02Sep2025 10:34:28.887] [Netty Server IO #1/DEBUG] [net.neoforged.neoforge.network.filters.NetworkFilters/]: Injected net.neoforged.neoforge.network.filters.GenericPacketSplitter@361c29cb into net.minecraft.network.Connection@9f4bc13
[02Sep2025 10:34:28.915] [Netty Local Client IO #0/DEBUG] [net.neoforged.neoforge.network.filters.NetworkFilters/]: Injected net.neoforged.neoforge.network.filters.GenericPacketSplitter@2a81843f into net.minecraft.network.Connection@4cfdcb63
[02Sep2025 10:34:29.563] [Render thread/DEBUG] [mixin/]: Mixing common.HashedStackMixin from geckolib.mixins.json into net.minecraft.network.HashedStack$ActualItem
[02Sep2025 10:34:29.565] [Render thread/DEBUG] [mixin/]: geckolib.mixins.json:common.HashedStackMixin from mod geckolib: Class version 65 required is higher than the class version supported by the current version of Mixin (JAVA_17 supports class version 61)
[02Sep2025 10:34:29.565] [Render thread/DEBUG] [mixin/]: Renaming synthetic method lambda$geckolib$allowLazyStackIdParity$1(Lnet/minecraft/network/HashedPatchMap$HashGenerator;Lnet/minecraft/core/component/DataComponentType;Ljava/util/Optional;)Ljava/lang/Integer; to md4fa157$geckolib$lambda$geckolib$allowLazyStackIdParity$1$0 in geckolib.mixins.json:common.HashedStackMixin from mod geckolib
[02Sep2025 10:34:29.565] [Render thread/DEBUG] [mixin/]: Renaming synthetic method lambda$geckolib$allowLazyStackIdParity$0(Lnet/minecraft/network/HashedPatchMap$HashGenerator;Lnet/minecraft/core/component/DataComponentType;Ljava/lang/Long;)Ljava/lang/Integer; to md4fa157$geckolib$lambda$geckolib$allowLazyStackIdParity$0$1 in geckolib.mixins.json:common.HashedStackMixin from mod geckolib
[02Sep2025 10:34:30.022] [Netty Server IO #1/DEBUG] [net.neoforged.neoforge.network.filters.NetworkFilters/]: Injected net.neoforged.neoforge.network.filters.GenericPacketSplitter@7c958825 into net.minecraft.network.Connection@9f4bc13
[02Sep2025 10:34:31.450] [Server thread/INFO] [net.minecraft.server.players.PlayerList/]: Dev[local:E:60af43b0] logged in with entity id 1 at (-1874.2387323940077, 76.65831375659384, -205.26664880124653)
[02Sep2025 10:34:31.518] [Server thread/DEBUG] [net.neoforged.neoforge.common.CommonHooks/]: Sending 0 recipes of the following types: []
[02Sep2025 10:34:31.814] [Server thread/INFO] [net.minecraft.server.MinecraftServer/]: Dev joined the game
[02Sep2025 10:34:32.007] [Server thread/DEBUG] [mixin/]: Mixing common.SynchronizedRemoteSlotMixin from geckolib.mixins.json into net.minecraft.world.inventory.RemoteSlot$Synchronized
[02Sep2025 10:34:32.008] [Server thread/DEBUG] [mixin/]: geckolib.mixins.json:common.SynchronizedRemoteSlotMixin from mod geckolib: Class version 65 required is higher than the class version supported by the current version of Mixin (JAVA_17 supports class version 61)
[02Sep2025 10:34:32.071] [Server thread/INFO] [net.Chidoziealways.everythingjapanese.capabilities.PlayerEvents/]: Loading Chakra data from persistent NBT
[02Sep2025 10:34:32.081] [Server thread/INFO] [net.Chidoziealways.everythingjapanese.capabilities.PlayerEvents/]: Loading Stamina data from persistent NBT
[02Sep2025 10:34:32.083] [Server thread/INFO] [net.Chidoziealways.everythingjapanese.capabilities.PlayerEvents/]: Loading Quest data from persistent NBT
[02Sep2025 10:34:32.103] [Server thread/INFO] [net.Chidoziealways.everythingjapanese.capabilities.PlayerEvents/]: Loading Jutsu data from persistent NBT
[02Sep2025 10:34:32.121] [Server thread/INFO] [net.Chidoziealways.everythingjapanese.jutsu.JutsuCapability/]: Deserializing Jutsu NBT: {learnedJutsus:["chiretsu_sho_jutsu","small_windball","fireball"],masteryMap:{chiretsu_sho_jutsu:48.476196f,fireball:0.65999967f,small_windball:0.01f},selectedJutsu:"fireball"}
[02Sep2025 10:34:32.122] [Server thread/DEBUG] [net.Chidoziealways.everythingjapanese.jutsu.JutsuCapability/]: Capability Instance During Deserialization: net.Chidoziealways.everythingjapanese.jutsu.JutsuCapability@3232cc59
[02Sep2025 10:34:32.139] [Server thread/INFO] [net.Chidoziealways.everythingjapanese.capabilities.PlayerEvents/]: Loading Money data from persistent NBT
[02Sep2025 10:34:32.140] [Server thread/WARN] [net.minecraft.server.MinecraftServer/]: Can't keep up! Is the server overloaded? Running 2119ms or 42 ticks behind
[02Sep2025 10:34:35.539] [Render thread/INFO] [net.minecraft.client.renderer.DynamicUniformStorage/]: Resizing Dynamic Transforms UBO, capacity limit of 2 reached during a single frame. New capacity will be 4.
[02Sep2025 10:34:35.672] [Render thread/INFO] [net.minecraft.client.renderer.DynamicUniformStorage/]: Resizing Dynamic Transforms UBO, capacity limit of 4 reached during a single frame. New capacity will be 8.
[02Sep2025 10:34:35.824] [Render thread/INFO] [net.minecraft.advancements.AdvancementTree/]: Loaded 194 advancements
[02Sep2025 10:34:37.876] [Render thread/INFO] [net.minecraft.client.renderer.DynamicUniformStorage/]: Resizing Dynamic Transforms UBO, capacity limit of 8 reached during a single frame. New capacity will be 16.
[02Sep2025 10:34:38.087] [Render thread/INFO] [net.minecraft.client.renderer.DynamicUniformStorage/]: Resizing Dynamic Transforms UBO, capacity limit of 16 reached during a single frame. New capacity will be 32.
[02Sep2025 10:34:38.493] [Render thread/INFO] [net.minecraft.client.renderer.DynamicUniformStorage/]: Resizing Dynamic Transforms UBO, capacity limit of 32 reached during a single frame. New capacity will be 64.
[02Sep2025 10:34:38.714] [Server thread/INFO] [net.minecraft.client.server.IntegratedServer/]: Saving and pausing game...
[02Sep2025 10:34:38.845] [Server thread/INFO] [net.minecraft.server.MinecraftServer/]: Saving chunks for level 'ServerLevel[New Worlds]'/minecraft:overworld
[02Sep2025 10:34:38.905] [Render thread/INFO] [net.minecraft.client.renderer.DynamicUniformStorage/]: Resizing Dynamic Transforms UBO, capacity limit of 64 reached during a single frame. New capacity will be 128.
[02Sep2025 10:34:39.124] [Server thread/INFO] [net.minecraft.server.MinecraftServer/]: Saving chunks for level 'ServerLevel[New Worlds]'/everythingjapanese:hell
[02Sep2025 10:34:39.133] [Server thread/INFO] [net.minecraft.server.MinecraftServer/]: Saving chunks for level 'ServerLevel[New Worlds]'/minecraft:the_nether
[02Sep2025 10:34:39.135] [Server thread/INFO] [net.minecraft.server.MinecraftServer/]: Saving chunks for level 'ServerLevel[New Worlds]'/minecraft:the_end
[02Sep2025 10:34:39.140] [Server thread/DEBUG] [net.neoforged.neoforge.common.CommonHooks/WP]: Gathered mod list to write to world save New Worlds
[02Sep2025 10:34:39.871] [Render thread/INFO] [net.minecraft.client.renderer.DynamicUniformStorage/]: Resizing Dynamic Transforms UBO, capacity limit of 128 reached during a single frame. New capacity will be 256.
[02Sep2025 10:34:44.478] [Render thread/INFO] [net.minecraft.client.renderer.DynamicUniformStorage/]: Resizing Dynamic Transforms UBO, capacity limit of 256 reached during a single frame. New capacity will be 512.
[02Sep2025 10:34:45.956] [Render thread/INFO] [net.minecraft.client.renderer.DynamicUniformStorage/]: Resizing Dynamic Transforms UBO, capacity limit of 512 reached during a single frame. New capacity will be 1024.
[02Sep2025 10:34:50.526] [Render thread/DEBUG] [GeckoLib/]: Loaded software.bernie.geckolib.event.GeckoLibEventsNeoForge@65ff5e07 for service interface software.bernie.geckolib.service.GeckoLibEvents
[02Sep2025 10:34:50.530] [Render thread/DEBUG] [GeckoLib/]: Loaded software.bernie.geckolib.platform.GeckoLibClientNeoForge@2090d3d1 for service interface software.bernie.geckolib.service.GeckoLibClient
[02Sep2025 10:34:52.600] [Server thread/WARN] [net.minecraft.server.MinecraftServer/]: Can't keep up! Is the server overloaded? Running 5477ms or 109 ticks behind
[02Sep2025 10:35:00.190] [Render thread/INFO] [net.minecraft.client.renderer.DynamicUniformStorage/]: Resizing Dynamic Transforms UBO, capacity limit of 1024 reached during a single frame. New capacity will be 2048.
[02Sep2025 10:35:02.990] [Server thread/INFO] [net.minecraft.client.server.IntegratedServer/]: Saving and pausing game...
[02Sep2025 10:35:03.054] [Server thread/INFO] [net.minecraft.server.MinecraftServer/]: Saving chunks for level 'ServerLevel[New Worlds]'/minecraft:overworld
[02Sep2025 10:35:04.285] [Server thread/INFO] [net.minecraft.server.MinecraftServer/]: Saving chunks for level 'ServerLevel[New Worlds]'/everythingjapanese:hell
[02Sep2025 10:35:04.286] [Server thread/INFO] [net.minecraft.server.MinecraftServer/]: Saving chunks for level 'ServerLevel[New Worlds]'/minecraft:the_nether
[02Sep2025 10:35:04.288] [Server thread/INFO] [net.minecraft.server.MinecraftServer/]: Saving chunks for level 'ServerLevel[New Worlds]'/minecraft:the_end
[02Sep2025 10:35:04.292] [Server thread/DEBUG] [net.neoforged.neoforge.common.CommonHooks/WP]: Gathered mod list to write to world save New Worlds
